classe,f_hz,origem,delta_db,nivel_falha_db,nivel_normal_db,acima_piso_db,familia,rotulos
bpfi_0.3mm,117.988,normal,-8.463,-79.017,-70.554,11.980,?,?
bpfi_0.3mm,124.041,normal,-9.530,-77.303,-67.772,15.542,?,?
bpfi_0.3mm,165.328,normal,-7.618,-76.265,-68.647,17.635,?,?
bpfi_0.3mm,196.812,normal,-6.840,-79.194,-72.354,12.858,?,?
bpfi_0.3mm,211.143,falha,12.006,-67.224,-79.231,16.228,?,?
bpfi_0.3mm,218.209,falha,11.772,-58.510,-70.281,25.335,ambiguo,motor×9;BPFI×1-1·eixo
bpfi_0.3mm,238.323,falha,6.759,-71.354,-78.113,11.214,?,?
bpfi_0.3mm,247.990,normal,-10.746,-76.584,-65.838,19.232,?,?
bpfi_0.3mm,248.778,falha,10.777,-67.315,-78.092,16.692,?,?
bpfi_0.3mm,306.206,falha,9.342,-73.471,-82.812,11.283,?,?
bpfi_0.3mm,318.532,falha,20.529,-56.329,-76.858,28.151,BPFI±eixo,BPFI×1+1·eixo
bpfi_0.3mm,329.474,normal,-11.045,-84.576,-73.531,10.625,?,?
bpfi_0.3mm,359.834,normal,-7.032,-82.917,-75.885,10.227,?,?
bpfi_0.3mm,367.010,falha,16.240,-69.424,-85.664,16.007,?,?
bpfi_0.3mm,368.748,falha,10.159,-72.428,-82.587,12.625,BPFI±eixo,BPFI×1+2·eixo
bpfi_0.3mm,486.452,falha,19.956,-65.708,-85.664,19.588,BPFI±eixo,BPFI×2-1·eixo
bpfi_0.3mm,536.657,falha,25.950,-55.422,-81.372,27.912,BPFI,BPFI×2
bpfi_0.3mm,548.737,normal,-10.133,-81.318,-71.185,12.723,?,?
bpfi_0.3mm,586.862,falha,15.868,-60.454,-76.322,18.698,BPFI±eixo,BPFI×2+1·eixo
bpfi_0.3mm,687.271,falha,8.693,-65.503,-74.195,14.627,?,?
bpfi_0.3mm,704.581,falha,10.628,-64.532,-75.160,15.826,BPFI±eixo,BPFI×3-2·eixo
bpfi_0.3mm,725.087,normal,-12.217,-78.773,-66.556,12.120,?,?
bpfi_0.3mm,731.651,normal,-20.587,-83.485,-62.899,18.471,?,?
bpfi_0.3mm,734.020,falha,10.952,-70.891,-81.843,11.860,?,?
bpfi_0.3mm,754.786,falha,32.300,-44.197,-76.497,37.981,BPFI±eixo,BPFI×3-1·eixo
bpfi_0.3mm,804.989,falha,37.233,-39.489,-76.721,38.599,BPFI,BPFI×3
bpfi_0.3mm,806.634,normal,-7.532,-74.170,-66.639,12.105,?,?
bpfi_0.3mm,834.400,normal,-10.922,-74.863,-63.941,18.149,?,?
bpfi_0.3mm,855.191,falha,35.029,-47.400,-82.429,33.103,BPFI±eixo,BPFI×3+1·eixo
bpfi_0.3mm,872.798,falha,11.092,-52.417,-63.509,30.761,?,?
bpfi_0.3mm,905.395,falha,28.364,-55.041,-83.405,26.942,BPFI±eixo,BPFI×3+2·eixo
bpfi_0.3mm,907.858,normal,-8.788,-80.923,-72.135,10.758,?,?
bpfi_0.3mm,911.211,falha,11.220,-68.771,-79.991,13.268,?,?
bpfi_0.3mm,912.001,normal,-11.439,-81.785,-70.346,12.624,?,?
bpfi_0.3mm,914.560,normal,-14.416,-79.045,-64.628,18.481,?,?
bpfi_0.3mm,922.713,falha,15.727,-60.083,-75.810,21.977,?,?
bpfi_0.3mm,954.779,falha,19.751,-59.275,-79.027,22.703,?,?
bpfi_0.3mm,955.599,falha,19.201,-60.361,-79.562,21.690,?,?
bpfi_0.3mm,969.896,falha,6.344,-68.688,-75.032,14.151,?,?
bpfi_0.3mm,972.915,falha,16.136,-65.954,-82.090,17.138,BPFI±eixo,BPFI×4-2·eixo
bpfi_0.3mm,1005.809,falha,13.849,-69.621,-83.470,13.976,?,?
bpfi_0.3mm,1023.119,falha,34.004,-48.281,-82.285,33.875,BPFI±eixo,BPFI×4-1·eixo
bpfi_0.3mm,1073.322,falha,31.369,-37.820,-69.190,43.128,BPFI,BPFI×4
bpfi_0.3mm,1097.469,normal,-11.026,-77.136,-66.110,15.619,?,?
bpfi_0.3mm,1123.525,falha,40.652,-38.248,-78.900,39.947,BPFI±eixo,BPFI×4+1·eixo
bpfi_0.3mm,1151.178,falha,10.144,-68.172,-78.316,10.410,?,?
bpfi_0.3mm,1173.728,falha,28.728,-52.346,-81.073,27.834,BPFI±eixo,BPFI×4+2·eixo
bpfi_0.3mm,1190.883,normal,-8.253,-71.458,-63.205,17.665,?,?
bpfi_0.3mm,1221.838,falha,11.218,-70.793,-82.011,10.120,?,?
bpfi_0.3mm,1223.930,falha,23.069,-60.081,-83.150,20.542,?,?
bpfi_0.3mm,1239.443,falha,6.668,-71.189,-77.857,10.066,?,?
bpfi_0.3mm,1241.242,falha,6.232,-67.023,-73.255,14.147,BPFI±eixo,BPFI×5-2·eixo
bpfi_0.3mm,1242.938,falha,10.396,-70.805,-81.201,10.364,?,?
bpfi_0.3mm,1274.137,falha,9.883,-65.862,-75.745,13.139,?,?
bpfi_0.3mm,1280.386,normal,-7.333,-73.450,-66.117,14.892,?,?
bpfi_0.3mm,1291.449,falha,40.072,-27.137,-67.209,50.063,BPFI±eixo,BPFI×5-1·eixo
bpfi_0.3mm,1293.187,falha,6.317,-59.361,-65.678,17.698,?,?
bpfi_0.3mm,1304.812,normal,-6.197,-74.545,-68.349,10.869,?,?
bpfi_0.3mm,1324.336,falha,18.173,-62.417,-80.590,16.134,?,?
bpfi_0.3mm,1341.653,falha,33.409,-38.450,-71.859,39.665,BPFI,BPFI×5
bpfi_0.3mm,1343.402,falha,6.317,-64.894,-71.211,13.251,?,?
bpfi_0.3mm,1379.700,normal,-6.105,-71.721,-65.615,11.961,?,?
bpfi_0.3mm,1381.405,falha,10.171,-60.255,-70.426,17.742,?,?
bpfi_0.3mm,1391.857,falha,41.763,-33.200,-74.963,44.109,BPFI±eixo,BPFI×5+1·eixo
bpfi_0.3mm,1433.561,falha,8.843,-64.827,-73.670,10.999,?,?
bpfi_0.3mm,1442.061,falha,22.809,-38.964,-61.773,35.148,BPFI±eixo,BPFI×5+2·eixo
bpfi_0.3mm,1459.367,falha,17.267,-56.943,-74.210,18.230,?,?
bpfi_0.3mm,1463.291,normal,-12.214,-75.229,-63.015,12.241,?,?
bpfi_0.3mm,1464.658,normal,-6.193,-65.436,-59.243,16.520,?,?
bpfi_0.3mm,1478.422,falha,-6.193,-61.736,-55.543,15.041,?,?
bpfi_0.3mm,1489.821,normal,-6.253,-69.677,-63.424,15.246,?,?
bpfi_0.3mm,1492.242,falha,12.748,-60.665,-73.413,18.075,?,?
bpfi_0.3mm,1504.384,falha,7.797,-58.883,-66.679,22.174,?,?
bpfi_0.3mm,1514.612,normal,-7.377,-78.443,-71.066,11.796,?,?
bpfi_0.3mm,1538.874,normal,-7.274,-77.207,-69.933,12.854,?,?
bpfi_0.3mm,1559.779,falha,21.868,-59.834,-81.701,21.674,BPFI±eixo,BPFI×6-1·eixo
bpfi_0.3mm,1609.982,falha,29.818,-45.451,-75.269,33.837,BPFI,BPFI×6
bpfi_0.3mm,1611.643,falha,12.631,-66.519,-79.149,12.770,?,?
bpfi_0.3mm,1620.637,falha,7.132,-67.914,-75.045,11.905,?,?
bpfi_0.3mm,1634.148,normal,-12.872,-78.387,-65.515,17.030,?,?
bpfi_0.3mm,1635.480,falha,10.452,-63.843,-74.295,16.706,?,?
bpfi_0.3mm,1646.937,normal,-8.449,-79.214,-70.765,11.780,?,?
bpfi_0.3mm,1649.628,falha,8.496,-66.956,-75.453,13.156,motor,motor×68
bpfi_0.3mm,1654.323,normal,-17.066,-82.120,-65.054,17.742,?,?
bpfi_0.3mm,1655.675,falha,23.828,-58.279,-82.107,21.306,?,?
bpfi_0.3mm,1660.186,falha,38.055,-41.129,-79.184,36.994,BPFI±eixo,BPFI×6+1·eixo
bpfi_0.3mm,1661.144,falha,15.829,-67.053,-82.882,11.459,?,?
bpfi_0.3mm,1667.162,normal,-7.622,-77.038,-69.416,12.297,?,?
bpfi_0.3mm,1668.187,falha,10.673,-62.936,-73.608,15.312,?,?
bpfi_0.3mm,1672.316,falha,9.706,-62.887,-72.593,15.330,?,?
bpfi_0.3mm,1677.496,falha,15.927,-67.309,-83.235,11.633,?,?
bpfi_0.3mm,1687.336,normal,-11.911,-78.158,-66.247,16.401,?,?
bpfi_0.3mm,1688.348,falha,6.829,-62.403,-69.233,16.015,?,?
bpfi_0.3mm,1705.885,falha,11.669,-67.855,-79.524,10.336,?,?
bpfi_0.3mm,1710.390,falha,35.611,-42.887,-78.497,34.453,BPFI±eixo,BPFI×6+2·eixo
bpfi_0.3mm,1727.698,falha,19.677,-63.106,-82.783,15.601,?,?
bpfi_0.3mm,1756.964,normal,-9.778,-74.021,-64.242,15.282,eixo,eixo×35
bpfi_0.3mm,1777.901,falha,27.876,-52.130,-80.007,27.237,BPFI±eixo,BPFI×7-2·eixo
bpfi_0.3mm,1810.799,falha,14.966,-58.681,-73.648,20.033,?,?
bpfi_0.3mm,1822.787,normal,-10.759,-74.628,-63.869,12.101,?,?
bpfi_0.3mm,1827.305,falha,13.806,-61.703,-75.509,14.955,?,?
bpfi_0.3mm,1828.104,falha,38.218,-37.310,-75.528,39.240,BPFI±eixo,BPFI×7-1·eixo
bpfi_0.3mm,1830.834,normal,-12.175,-70.121,-57.946,17.591,?,?
bpfi_0.3mm,1831.561,falha,10.348,-65.890,-76.238,10.767,?,?
bpfi_0.3mm,1836.522,normal,-16.522,-77.065,-60.543,16.162,?,?
bpfi_0.3mm,1861.002,falha,7.513,-68.832,-76.345,10.260,?,?
bpfi_0.3mm,1871.042,normal,-6.136,-72.421,-66.285,11.734,?,?
bpfi_0.3mm,1878.309,falha,32.495,-44.961,-77.456,33.879,BPFI,BPFI×7
bpfi_0.3mm,1885.133,normal,-9.530,-73.410,-63.880,13.069,?,?
bpfi_0.3mm,1890.259,normal,-8.901,-73.171,-64.270,12.171,?,?
bpfi_0.3mm,1928.514,falha,26.493,-44.534,-71.027,31.929,BPFI±eixo,BPFI×7+1·eixo
bpfi_0.3mm,1942.656,normal,-7.813,-72.767,-64.954,10.928,?,?
bpfi_0.3mm,1945.827,falha,12.023,-63.846,-75.869,11.432,?,?
bpfi_0.3mm,1957.949,falha,6.057,-56.773,-62.830,17.966,eixo,eixo×39
bpfi_0.3mm,1978.719,falha,24.893,-45.934,-70.827,27.629,BPFI±eixo,BPFI×7+2·eixo
bpfi_0.3mm,2013.920,normal,-16.636,-70.248,-53.612,20.148,?,?
bpfi_0.3mm,2018.562,falha,14.206,-58.529,-72.735,15.219,?,?
bpfi_0.3mm,2028.923,falha,30.542,-46.995,-77.537,26.520,?,?
bpfi_0.3mm,2046.230,falha,25.506,-43.162,-68.668,28.622,BPFI±eixo,BPFI×8-2·eixo
bpfi_0.3mm,2072.013,normal,-6.405,-62.919,-56.514,11.823,?,?
bpfi_0.3mm,2079.124,falha,14.028,-52.600,-66.629,14.061,?,?
bpfi_0.3mm,2082.592,falha,11.399,-52.225,-63.625,14.433,?,?
bpfi_0.3mm,2094.710,falha,8.593,-53.865,-62.459,12.004,?,?
bpfi_0.3mm,2096.434,falha,38.514,-26.501,-65.015,39.229,BPFI±eixo,BPFI×8-1·eixo
bpfi_0.3mm,2129.330,falha,11.739,-56.086,-67.825,12.322,?,?
bpfi_0.3mm,2146.638,falha,37.335,-26.392,-63.727,41.584,BPFI,BPFI×8
bpfi_0.3mm,2155.309,falha,8.592,-55.893,-64.485,10.618,?,?
bpfi_0.3mm,2165.909,normal,-7.003,-63.880,-56.877,10.256,?,?
bpfi_0.3mm,2184.526,normal,-7.884,-59.621,-51.738,15.530,?,?
bpfi_0.3mm,2185.873,falha,9.551,-55.302,-64.852,12.015,?,?
bpfi_0.3mm,2196.842,falha,29.601,-21.836,-51.437,45.233,BPFI±eixo,BPFI×8+1·eixo
bpfi_0.3mm,2199.022,normal,-8.975,-66.597,-57.622,11.128,?,?
bpfi_0.3mm,2202.060,falha,24.572,-46.822,-71.393,20.095,?,?
bpfi_0.3mm,2208.973,falha,-7.740,-52.036,-44.296,13.894,eixo,eixo×44
bpfi_0.3mm,2214.155,falha,26.533,-43.280,-69.813,22.731,?,?
bpfi_0.3mm,2215.705,falha,8.680,-55.215,-63.895,10.796,?,?
bpfi_0.3mm,2236.091,falha,11.861,-53.069,-64.930,11.976,?,?
bpfi_0.3mm,2247.046,falha,41.615,-17.309,-58.924,47.752,BPFI±eixo,BPFI×8+2·eixo
bpfi_0.3mm,2264.357,falha,17.483,-48.166,-65.649,19.934,?,?
bpfi_0.3mm,2267.619,normal,-6.894,-62.945,-56.051,15.179,?,?
bpfi_0.3mm,2269.339,normal,-6.273,-65.441,-59.168,12.798,?,?
bpfi_0.3mm,2271.069,normal,-6.523,-68.338,-61.816,10.650,?,?
bpfi_0.3mm,2275.320,falha,16.551,-58.346,-74.897,12.462,?,?
bpfi_0.3mm,2283.405,falha,7.058,-59.012,-66.069,11.357,?,?
bpfi_0.3mm,2297.251,falha,34.145,-37.102,-71.247,33.337,?,?
bpfi_0.3mm,2301.051,normal,-8.735,-70.439,-61.705,11.691,?,?
bpfi_0.3mm,2302.451,falha,7.671,-57.412,-65.082,13.042,?,?
bpfi_0.3mm,2307.639,falha,8.147,-58.855,-67.002,11.510,?,?
bpfi_0.3mm,2314.561,falha,27.026,-38.623,-65.649,31.009,BPFI±eixo,BPFI×9-2·eixo
bpfi_0.3mm,2326.690,falha,7.438,-52.374,-59.812,16.562,?,?
bpfi_0.3mm,2342.189,falha,10.693,-57.973,-68.666,11.814,?,?
bpfi_0.3mm,2347.454,falha,21.742,-44.628,-66.370,25.482,?,?
bpfi_0.3mm,2364.764,falha,29.949,-29.891,-59.840,40.849,BPFI±eixo,BPFI×9-1·eixo
bpfi_0.3mm,2381.366,normal,-6.250,-65.842,-59.593,15.957,?,?
bpfi_0.3mm,2382.547,falha,19.868,-54.147,-74.015,17.974,?,?
bpfi_0.3mm,2385.575,falha,12.447,-56.276,-68.723,15.201,?,?
bpfi_0.3mm,2397.659,falha,19.713,-54.542,-74.255,16.875,?,?
bpfi_0.3mm,2414.968,falha,36.295,-38.805,-75.100,33.671,BPFI,BPFI×9
bpfi_0.3mm,2449.608,falha,11.083,-62.691,-73.774,10.103,?,?
bpfi_0.3mm,2461.626,normal,-11.229,-74.428,-63.199,12.586,?,?
bpfi_0.3mm,2465.172,falha,38.169,-36.585,-74.754,35.646,BPFI±eixo,BPFI×9+1·eixo
bpfi_0.3mm,2482.486,falha,17.728,-55.877,-73.606,16.287,?,?
bpfi_0.3mm,2510.193,falha,9.643,-60.096,-69.740,12.878,eixo,eixo×50
bpfi_0.3mm,2515.375,falha,36.620,-40.289,-76.909,32.868,BPFI±eixo,BPFI×9+2·eixo
bpfi_0.3mm,2521.827,normal,-11.364,-73.157,-61.793,15.785,?,?
bpfi_0.3mm,2523.892,falha,17.309,-57.772,-75.082,15.819,?,?
bpfi_0.3mm,2532.684,falha,17.023,-63.220,-80.244,10.647,?,?
bpfi_0.3mm,2562.194,normal,-19.640,-76.775,-57.134,23.413,?,?
bpfi_0.3mm,2564.274,falha,23.737,-50.636,-74.373,23.391,?,?
bpfi_0.3mm,2565.579,falha,23.200,-48.921,-72.121,24.843,?,?
bpfi_0.3mm,2569.047,falha,7.370,-62.964,-70.335,10.475,?,?
bpfi_0.3mm,2581.210,falha,7.326,-61.262,-68.589,10.264,?,?
bpfi_0.3mm,2582.892,falha,18.099,-53.675,-71.774,17.718,BPFI±eixo,BPFI×10-2·eixo
bpfi_0.3mm,2601.185,falha,9.616,-58.701,-68.317,10.520,?,?
bpfi_0.3mm,2610.595,falha,6.184,-58.062,-64.246,10.778,eixo,eixo×52
bpfi_0.3mm,2615.786,falha,19.633,-53.137,-72.769,15.766,?,?
bpfi_0.3mm,2633.098,falha,29.110,-41.030,-70.140,28.284,BPFI±eixo,BPFI×10-1·eixo
bpfi_0.3mm,2639.996,normal,-7.896,-67.274,-59.378,12.973,?,?
bpfi_0.3mm,2640.696,normal,-8.436,-66.555,-58.120,14.231,?,?
bpfi_0.3mm,2641.573,falha,12.910,-56.288,-69.198,13.536,?,?
bpfi_0.3mm,2645.574,falha,14.668,-59.433,-74.102,10.958,?,?
bpfi_0.3mm,2650.862,falha,12.442,-59.004,-71.446,12.125,?,?
bpfi_0.3mm,2665.222,falha,14.563,-58.598,-73.161,14.399,?,?
bpfi_0.3mm,2680.867,falha,11.214,-55.698,-66.911,18.276,?,?
bpfi_0.3mm,2683.301,falha,16.338,-49.088,-65.427,24.920,BPFI,BPFI×10
bpfi_0.3mm,2685.414,falha,12.257,-62.541,-74.798,11.522,?,?
bpfi_0.3mm,2703.420,normal,-9.152,-73.817,-64.665,12.683,?,?
bpfi_0.3mm,2705.611,falha,19.086,-59.970,-79.056,14.962,?,?
bpfi_0.3mm,2721.941,normal,-8.028,-69.923,-61.895,14.634,?,?
bpfi_0.3mm,2733.502,falha,21.970,-48.730,-70.701,27.205,BPFI±eixo,BPFI×10+1·eixo
bpfi_0.3mm,2738.699,falha,8.814,-63.513,-72.327,12.884,?,?
bpfi_0.3mm,2743.773,normal,-16.874,-75.951,-59.078,18.530,?,?
bpfi_0.3mm,2745.989,falha,17.419,-60.574,-77.993,16.346,?,?
bpfi_0.3mm,2751.912,normal,-9.628,-75.685,-66.057,12.431,?,?
bpfi_0.3mm,2781.925,normal,-6.484,-65.998,-59.514,22.052,?,?
bpfi_0.3mm,2783.706,falha,25.594,-48.275,-73.869,31.718,BPFI±eixo,BPFI×10+2·eixo
bpfi_0.3mm,2787.128,falha,9.454,-64.420,-73.874,15.971,?,?
bpfi_0.3mm,2796.204,falha,13.218,-69.428,-82.646,12.351,?,?
bpfi_0.3mm,2799.287,falha,7.647,-71.297,-78.945,10.682,?,?
bpfi_0.3mm,2801.018,falha,16.369,-67.417,-83.786,15.020,?,?
bpfi_0.3mm,2833.909,falha,7.500,-58.068,-65.568,23.726,?,?
bpfi_0.3mm,2839.470,falha,11.742,-69.619,-81.361,11.805,?,?
bpfi_0.3mm,2851.224,falha,26.831,-54.123,-80.954,26.254,BPFI±eixo,BPFI×11-2·eixo
bpfi_0.3mm,2860.942,falha,6.810,-69.498,-76.308,10.449,?,?
bpfi_0.3mm,2878.134,normal,-7.329,-74.805,-67.476,11.435,?,?
bpfi_0.3mm,2878.923,normal,-12.010,-78.739,-66.729,12.129,?,?
bpfi_0.3mm,2879.846,falha,11.971,-64.107,-76.078,14.460,?,?
bpfi_0.3mm,2880.406,falha,7.870,-68.091,-75.961,10.450,?,?
bpfi_0.3mm,2901.420,falha,14.397,-61.503,-75.900,17.036,BPFI±eixo,BPFI×11-1·eixo
bpfi_0.3mm,2908.361,falha,-8.323,-53.298,-44.975,25.916,?,?
bpfi_0.3mm,2911.826,falha,11.195,-64.512,-75.706,14.723,eixo,eixo×58
bpfi_0.3mm,2925.340,normal,-8.045,-74.853,-66.808,13.170,?,?
bpfi_0.3mm,2927.709,falha,16.826,-61.191,-78.016,16.836,?,?
bpfi_0.3mm,2930.476,falha,7.347,-66.984,-74.331,10.649,?,?
bpfi_0.3mm,2950.983,falha,21.882,-52.329,-74.211,23.371,?,?
bpfi_0.3mm,2951.632,falha,24.397,-42.280,-66.677,33.420,BPFI,BPFI×11
bpfi_0.3mm,2971.166,falha,6.842,-66.185,-73.027,10.944,?,?
bpfi_0.3mm,2977.906,falha,9.387,-65.554,-74.941,11.354,?,?
bpfi_0.3mm,2984.504,falha,6.997,-64.505,-71.502,12.125,?,?
bpfi_0.3mm,2991.364,falha,10.241,-61.780,-72.021,14.282,?,?
bpfi_0.3mm,3001.259,falha,16.911,-52.101,-69.012,24.214,?,?
bpfi_0.3mm,3001.835,falha,27.483,-41.530,-69.012,34.650,BPFI±eixo,BPFI×11+1·eixo
bpfi_0.3mm,3012.229,falha,11.710,-62.105,-73.816,14.482,eixo,eixo×60
bpfi_0.3mm,3038.199,falha,6.382,-68.329,-74.712,10.029,?,?
bpfi_0.3mm,3049.747,falha,10.263,-64.759,-75.022,14.906,?,?
bpfi_0.3mm,3051.393,falha,22.395,-54.545,-76.941,25.099,?,?
bpfi_0.3mm,3052.039,falha,28.943,-43.329,-72.271,36.107,BPFI±eixo,BPFI×11+2·eixo
bpfi_0.3mm,3062.431,falha,6.500,-60.501,-67.001,17.935,eixo,eixo×61
bpfi_0.3mm,3069.064,falha,16.961,-65.020,-81.981,12.419,?,?
bpfi_0.3mm,3078.006,falha,10.585,-65.924,-76.510,11.398,?,?
bpfi_0.3mm,3086.680,falha,6.709,-65.583,-72.292,11.392,?,?
bpfi_0.3mm,3088.406,falha,8.211,-66.576,-74.787,10.430,?,?
bpfi_0.3mm,3102.241,falha,20.744,-52.288,-73.032,24.366,?,?
bpfi_0.3mm,3106.949,normal,-10.558,-74.167,-63.610,17.986,?,?
bpfi_0.3mm,3109.428,falha,13.064,-60.126,-73.190,16.011,?,?
bpfi_0.3mm,3112.636,falha,11.246,-57.325,-68.571,18.792,eixo,eixo×62
bpfi_0.3mm,3114.381,falha,10.945,-63.779,-74.724,12.531,?,?
bpfi_0.3mm,3117.212,normal,-8.488,-78.027,-69.539,11.475,?,?
bpfi_0.3mm,3118.175,falha,12.879,-64.296,-77.176,11.858,?,?
bpfi_0.3mm,3126.483,falha,11.158,-62.463,-73.621,14.813,?,?
bpfi_0.3mm,3136.869,falha,7.950,-63.842,-71.792,13.774,?,?
bpfi_0.3mm,3138.605,falha,6.400,-62.118,-68.518,15.498,?,?
bpfi_0.3mm,3146.849,normal,-9.319,-74.221,-64.902,17.119,?,?
bpfi_0.3mm,3152.450,falha,7.669,-63.889,-71.558,14.159,?,?
bpfi_0.3mm,3153.882,normal,-6.872,-76.164,-69.292,13.892,?,?
bpfi_0.3mm,3162.844,falha,11.850,-58.764,-70.614,21.272,eixo,eixo×63
bpfi_0.3mm,3167.083,normal,-6.080,-79.856,-73.776,11.454,?,?
bpfi_0.3mm,3169.758,falha,32.315,-51.821,-84.136,28.668,BPFI±eixo,BPFI×12-1·eixo
bpfi_0.3mm,3174.955,falha,13.911,-68.970,-82.880,11.704,?,?
bpfi_0.3mm,3188.808,falha,7.236,-65.612,-72.848,15.061,?,?
bpfi_0.3mm,3191.076,falha,14.986,-70.665,-85.652,10.204,?,?
bpfi_0.3mm,3210.389,falha,14.489,-63.204,-77.693,17.600,?,?
bpfi_0.3mm,3213.046,falha,8.263,-64.872,-73.134,15.833,eixo,eixo×64
bpfi_0.3mm,3219.962,falha,28.372,-53.634,-82.006,27.420,BPFI,BPFI×12
bpfi_0.3mm,3221.081,falha,10.162,-65.025,-75.187,16.104,?,?
bpfi_0.3mm,3221.900,normal,-7.116,-74.464,-67.347,16.744,?,?
bpfi_0.3mm,3235.551,falha,13.473,-68.765,-82.238,13.654,?,?
bpfi_0.3mm,3237.271,falha,11.097,-66.419,-77.516,16.222,?,?
bpfi_0.3mm,3250.776,falha,14.765,-66.129,-80.894,17.162,motor,motor×134
bpfi_0.3mm,3259.205,falha,7.752,-71.878,-79.630,11.621,?,?
bpfi_0.3mm,3261.478,falha,8.013,-67.989,-76.002,14.570,?,?
bpfi_0.3mm,3262.224,normal,-7.904,-79.088,-71.184,12.531,?,?
bpfi_0.3mm,3270.166,falha,37.399,-44.793,-82.193,36.986,BPFI±eixo,BPFI×12+1·eixo
bpfi_0.3mm,3274.703,normal,-8.191,-72.462,-64.271,18.554,motor,motor×135
bpfi_0.3mm,3275.108,normal,-16.390,-80.872,-64.482,18.343,motor,motor×135
bpfi_0.3mm,3285.750,falha,6.514,-71.399,-77.913,10.543,?,?
bpfi_0.3mm,3288.505,normal,-18.259,-83.232,-64.973,17.852,?,?
bpfi_0.3mm,3291.184,falha,21.347,-63.927,-85.274,17.357,?,?
bpfi_0.3mm,3292.286,normal,-8.311,-79.682,-71.372,11.762,?,?
bpfi_0.3mm,3295.513,normal,-8.896,-79.195,-70.298,12.662,?,?
bpfi_0.3mm,3320.370,falha,40.116,-39.092,-79.208,40.651,BPFI±eixo,BPFI×12+2·eixo
bpfi_0.3mm,3321.491,falha,10.417,-62.969,-73.386,16.854,?,?
bpfi_0.3mm,3334.337,normal,-6.080,-78.180,-72.101,10.383,?,?
bpfi_0.3mm,3336.384,falha,12.601,-69.487,-82.088,10.595,?,?
bpfi_0.3mm,3337.676,falha,8.190,-67.638,-75.828,12.445,?,?
bpfi_0.3mm,3356.658,falha,15.753,-67.386,-83.139,13.289,?,?
bpfi_0.3mm,3370.574,falha,37.675,-45.254,-82.929,35.635,?,?
bpfi_0.3mm,3392.099,falha,6.863,-69.573,-76.436,10.881,?,?
bpfi_0.3mm,3412.275,falha,15.315,-67.636,-82.952,11.462,?,?
bpfi_0.3mm,3413.858,falha,7.814,-64.950,-72.764,14.435,eixo,eixo×68
bpfi_0.3mm,3420.778,falha,31.916,-52.724,-84.640,26.661,?,?
bpfi_0.3mm,3438.087,falha,30.589,-44.631,-75.220,35.154,BPFI±eixo,BPFI×13-1·eixo
bpfi_0.3mm,3439.638,falha,8.572,-68.573,-77.144,11.175,?,?
bpfi_0.3mm,3467.532,falha,8.786,-69.372,-78.158,10.366,?,?
bpfi_0.3mm,3470.110,normal,-10.959,-78.984,-68.026,12.058,?,?
bpfi_0.3mm,3470.980,falha,17.769,-61.295,-79.064,18.607,?,?
bpfi_0.3mm,3472.873,falha,19.445,-59.190,-78.635,21.022,?,?
bpfi_0.3mm,3475.348,normal,-10.112,-80.206,-70.095,10.411,?,?
bpfi_0.3mm,3488.290,falha,46.744,-34.769,-81.513,44.597,BPFI,BPFI×13
bpfi_0.3mm,3505.606,falha,13.642,-66.978,-80.619,13.436,?,?
bpfi_0.3mm,3518.114,falha,15.503,-69.123,-84.626,12.662,?,?
bpfi_0.3mm,3523.055,falha,7.664,-70.301,-77.965,11.086,?,?
bpfi_0.3mm,3524.660,falha,7.388,-70.051,-77.439,11.335,?,?
bpfi_0.3mm,3527.524,falha,9.868,-68.655,-78.523,12.535,?,?
bpfi_0.3mm,3538.495,falha,43.922,-37.011,-80.933,43.468,BPFI±eixo,BPFI×13+1·eixo
bpfi_0.3mm,3542.194,normal,-7.789,-77.214,-69.424,12.693,?,?
bpfi_0.3mm,3547.921,falha,13.855,-69.271,-83.126,10.675,?,?
bpfi_0.3mm,3555.805,falha,10.723,-63.120,-73.844,17.173,?,?
bpfi_0.3mm,3558.882,falha,12.605,-68.228,-80.832,11.719,?,?
bpfi_0.3mm,3561.591,falha,12.041,-68.492,-80.532,11.516,?,?
bpfi_0.3mm,3568.313,falha,11.784,-68.613,-80.397,10.731,?,?
bpfi_0.3mm,3570.712,normal,-13.209,-82.336,-69.127,12.511,?,?
bpfi_0.3mm,3573.825,falha,11.524,-67.538,-79.062,12.687,?,?
bpfi_0.3mm,3577.726,falha,10.608,-63.583,-74.192,15.925,?,?
bpfi_0.3mm,3588.699,falha,46.521,-32.453,-78.974,45.840,BPFI±eixo,BPFI×13+2·eixo
bpfi_0.3mm,3592.452,normal,-16.024,-80.005,-63.981,19.464,?,?
bpfi_0.3mm,3606.006,falha,24.157,-54.420,-78.577,24.507,?,?
bpfi_0.3mm,3607.547,falha,13.962,-64.295,-78.257,14.974,?,?
bpfi_0.3mm,3618.513,falha,20.351,-64.113,-84.464,13.945,?,?
bpfi_0.3mm,3621.590,falha,12.211,-65.179,-77.391,13.593,?,?
bpfi_0.3mm,3627.934,falha,21.507,-58.185,-79.692,19.014,?,?
bpfi_0.3mm,3631.270,falha,6.488,-59.967,-66.455,17.197,?,?
bpfi_0.3mm,3638.903,falha,35.816,-34.742,-70.558,42.160,motor,motor×150
bpfi_0.3mm,3641.253,falha,18.285,-64.325,-82.611,13.490,?,?
bpfi_0.3mm,3642.186,normal,-7.023,-74.458,-67.436,15.718,?,?
bpfi_0.3mm,3648.321,falha,17.568,-65.334,-82.902,11.318,?,?
bpfi_0.3mm,3651.684,normal,-6.722,-76.323,-69.602,13.152,?,?
bpfi_0.3mm,3654.593,falha,21.751,-60.497,-82.249,17.915,?,?
bpfi_0.3mm,3655.454,normal,9.738,-63.269,-73.007,10.179,?,?
bpfi_0.3mm,3656.210,falha,31.267,-44.899,-76.166,33.101,BPFI±eixo,BPFI×14-2·eixo
bpfi_0.3mm,3657.754,falha,13.480,-59.697,-73.177,18.303,?,?
bpfi_0.3mm,3664.880,falha,6.397,-60.215,-66.612,17.615,eixo,eixo×73
bpfi_0.3mm,3668.714,falha,17.996,-66.652,-84.648,10.673,?,?
bpfi_0.3mm,3673.529,falha,8.806,-67.431,-76.238,10.703,?,?
bpfi_0.3mm,3674.794,falha,18.725,-61.296,-80.021,16.838,?,?
bpfi_0.3mm,3678.139,falha,24.447,-57.183,-81.630,20.381,?,?
bpfi_0.3mm,3687.556,falha,15.379,-61.347,-76.726,16.788,motor,motor×152
bpfi_0.3mm,3689.108,falha,26.208,-45.087,-71.294,33.218,?,?
bpfi_0.3mm,3702.148,normal,-14.914,-81.714,-66.799,15.187,?,?
bpfi_0.3mm,3706.415,falha,33.307,-41.303,-74.610,36.070,BPFI±eixo,BPFI×14-1·eixo
bpfi_0.3mm,3707.968,falha,8.747,-59.306,-68.053,18.308,?,?
bpfi_0.3mm,3712.423,normal,-11.315,-82.519,-71.203,11.370,?,?
bpfi_0.3mm,3715.094,falha,8.347,-62.358,-70.705,15.601,?,?
bpfi_0.3mm,3717.379,falha,21.640,-59.014,-80.654,19.146,?,?
bpfi_0.3mm,3721.995,falha,7.025,-65.654,-72.679,13.487,?,?
bpfi_0.3mm,3731.289,falha,18.680,-64.144,-82.823,15.412,?,?
bpfi_0.3mm,3735.358,falha,7.558,-65.952,-73.510,13.283,motor,motor×154
bpfi_0.3mm,3737.764,falha,18.343,-61.643,-79.987,17.903,?,?
bpfi_0.3mm,3739.310,falha,20.116,-54.409,-74.525,25.247,?,?
bpfi_0.3mm,3741.647,falha,12.210,-69.619,-81.829,10.291,?,?
bpfi_0.3mm,3756.619,falha,30.078,-43.215,-73.293,36.332,BPFI,BPFI×14
bpfi_0.3mm,3758.220,falha,10.030,-66.821,-76.851,12.761,?,?
bpfi_0.3mm,3761.311,falha,12.410,-68.740,-81.150,11.145,?,?
bpfi_0.3mm,3762.210,normal,-15.661,-81.660,-65.999,17.372,?,?
bpfi_0.3mm,3764.333,normal,-12.772,-83.612,-70.840,12.524,?,?
bpfi_0.3mm,3764.929,normal,-6.716,-70.109,-63.392,19.977,eixo,eixo×75
bpfi_0.3mm,3766.025,falha,12.154,-69.237,-81.391,10.157,?,?
bpfi_0.3mm,3767.585,falha,22.728,-61.608,-84.336,17.508,?,?
bpfi_0.3mm,3771.675,falha,11.651,-66.075,-77.726,13.811,?,?
bpfi_0.3mm,3773.930,falha,10.556,-66.512,-77.068,13.164,?,?
bpfi_0.3mm,3777.003,falha,15.148,-63.804,-78.952,15.629,?,?
bpfi_0.3mm,3780.855,falha,6.257,-64.224,-70.482,15.450,?,?
bpfi_0.3mm,3782.586,falha,6.860,-65.835,-72.694,13.738,?,?
bpfi_0.3mm,3786.122,falha,17.988,-65.285,-83.273,13.297,?,?
bpfi_0.3mm,3789.512,falha,12.624,-62.945,-75.570,16.729,?,?
bpfi_0.3mm,3794.125,normal,-7.445,-74.524,-67.079,15.511,?,?
bpfi_0.3mm,3795.904,falha,12.689,-66.924,-79.613,11.190,?,?
bpfi_0.3mm,3806.823,falha,44.850,-33.669,-78.519,44.042,BPFI±eixo,BPFI×14+1·eixo
bpfi_0.3mm,3813.458,normal,-10.314,-81.105,-70.790,12.583,?,?
bpfi_0.3mm,3814.398,normal,-8.417,-81.815,-73.399,10.461,?,?
bpfi_0.3mm,3815.127,normal,-11.991,-76.679,-64.688,19.171,eixo,eixo×76
bpfi_0.3mm,3817.784,falha,17.931,-67.907,-85.838,10.779,?,?
bpfi_0.3mm,3824.136,falha,16.630,-58.974,-75.604,19.711,?,?
bpfi_0.3mm,3827.211,falha,14.081,-65.432,-79.513,12.957,?,?
bpfi_0.3mm,3831.057,falha,13.198,-66.359,-79.556,12.327,?,?
bpfi_0.3mm,3833.341,normal,-9.986,-71.039,-61.053,22.209,?,?
bpfi_0.3mm,3836.325,falha,26.413,-56.446,-82.860,22.157,?,?
bpfi_0.3mm,3857.028,falha,44.415,-33.884,-78.298,43.937,ambiguo,motor×159;BPFI×14+2·eixo
bpfi_0.3mm,3874.335,falha,8.257,-60.857,-69.115,18.717,?,?
bpfi_0.3mm,3876.023,falha,9.059,-68.677,-77.736,10.271,?,?
bpfi_0.3mm,3876.703,falha,16.028,-68.877,-84.905,10.527,?,?
bpfi_0.3mm,3879.549,falha,8.274,-66.510,-74.783,12.790,?,?
bpfi_0.3mm,3886.844,falha,16.167,-67.650,-83.817,10.988,?,?
bpfi_0.3mm,3891.675,falha,10.770,-68.201,-78.971,10.630,?,?
bpfi_0.3mm,3893.778,normal,-9.212,-75.850,-66.639,14.950,?,?
bpfi_0.3mm,3896.276,falha,11.078,-66.324,-77.402,11.983,?,?
bpfi_0.3mm,3896.887,falha,15.688,-61.714,-77.402,16.461,?,?
bpfi_0.3mm,3907.232,falha,36.288,-39.793,-76.081,37.567,?,?
bpfi_0.3mm,3911.360,falha,15.787,-64.960,-80.746,12.586,?,?
bpfi_0.3mm,3914.027,normal,-6.659,-72.664,-66.005,15.451,?,?
bpfi_0.3mm,3917.077,falha,18.881,-61.507,-80.388,15.716,?,?
bpfi_0.3mm,3917.579,falha,18.358,-62.030,-80.388,15.037,?,?
bpfi_0.3mm,3924.541,falha,22.670,-45.520,-68.190,31.704,BPFI±eixo,BPFI×15-2·eixo
bpfi_0.3mm,3929.741,falha,9.506,-65.928,-75.434,11.731,motor,motor×162
bpfi_0.3mm,3934.229,normal,-9.081,-75.083,-66.002,15.332,?,?
bpfi_0.3mm,3935.510,falha,15.798,-66.910,-82.708,10.749,?,?
bpfi_0.3mm,3936.725,falha,16.023,-61.460,-77.482,15.855,?,?
bpfi_0.3mm,3937.265,falha,22.540,-59.247,-81.787,18.444,?,?
bpfi_0.3mm,3942.416,normal,-6.641,-77.315,-70.673,10.426,?,?
bpfi_0.3mm,3957.435,falha,26.264,-47.205,-73.469,29.677,?,?
bpfi_0.3mm,3965.724,normal,-10.167,-73.541,-63.374,16.327,eixo,eixo×79
bpfi_0.3mm,3967.835,falha,13.077,-63.251,-76.328,12.375,?,?
bpfi_0.3mm,3971.325,falha,6.503,-65.587,-72.090,11.263,?,?
bpfi_0.3mm,3972.425,normal,-8.689,-71.973,-63.284,16.147,?,?
bpfi_0.3mm,3974.746,falha,25.755,-40.014,-65.769,35.953,BPFI±eixo,BPFI×15-1·eixo
bpfi_0.3mm,3981.684,falha,15.383,-63.604,-78.987,13.247,?,?
bpfi_0.3mm,3983.028,normal,-12.740,-77.999,-65.259,14.597,?,?
bpfi_0.3mm,3993.800,falha,9.984,-62.712,-72.695,14.357,?,?
bpfi_0.3mm,3999.007,falha,8.107,-61.432,-69.539,15.156,?,?
bpfi_0.3mm,4000.742,falha,9.298,-66.653,-75.951,10.014,?,?
bpfi_0.3mm,4014.813,normal,-7.316,-74.330,-67.014,13.141,?,?
bpfi_0.3mm,4018.025,falha,10.728,-60.503,-71.232,13.538,?,?
bpfi_0.3mm,4024.948,falha,37.995,-32.108,-70.102,41.134,BPFI,BPFI×15
bpfi_0.3mm,4030.157,falha,7.988,-59.490,-67.478,12.233,?,?
bpfi_0.3mm,4037.131,falha,19.640,-59.399,-79.039,13.392,?,?
bpfi_0.3mm,4038.225,falha,12.322,-62.967,-75.289,10.343,?,?
bpfi_0.3mm,4042.267,falha,12.980,-50.180,-63.160,23.301,?,?
bpfi_0.3mm,4049.189,falha,12.401,-58.764,-71.165,15.118,?,?
bpfi_0.3mm,4052.666,falha,10.157,-63.824,-73.981,10.413,?,?
bpfi_0.3mm,4054.403,falha,9.471,-61.697,-71.167,12.096,?,?
bpfi_0.3mm,4066.512,falha,9.000,-44.870,-53.870,27.637,?,?
bpfi_0.3mm,4075.153,falha,28.977,-42.821,-71.798,29.147,ambiguo,motor×168;BPFI×15+1·eixo
bpfi_0.3mm,4078.631,falha,9.151,-58.932,-68.083,12.927,?,?
bpfi_0.3mm,4080.363,falha,8.856,-48.806,-57.662,23.028,?,?
bpfi_0.3mm,4090.746,falha,10.145,-49.229,-59.374,22.614,?,?
bpfi_0.3mm,4092.477,falha,7.242,-45.336,-52.579,26.632,?,?
bpfi_0.3mm,4093.818,normal,-7.578,-62.533,-54.955,22.113,?,?
bpfi_0.3mm,4098.809,falha,9.883,-61.043,-70.926,12.356,?,?
bpfi_0.3mm,4099.357,falha,8.292,-62.635,-70.926,10.579,motor,motor×169
bpfi_0.3mm,4114.984,falha,8.011,-58.674,-66.685,14.341,?,?
bpfi_0.3mm,4116.715,falha,7.460,-40.393,-47.853,32.820,?,?
bpfi_0.3mm,4125.359,falha,24.700,-51.793,-76.493,20.757,BPFI±eixo,BPFI×15+2·eixo
bpfi_0.3mm,4126.705,normal,-6.751,-71.964,-65.213,11.366,?,?
bpfi_0.3mm,4134.034,falha,12.155,-61.603,-73.757,11.101,?,?
bpfi_0.3mm,4139.227,falha,8.989,-62.694,-71.684,10.282,?,?
bpfi_0.3mm,4140.951,falha,9.488,-45.183,-54.671,27.641,?,?
bpfi_0.3mm,4152.670,normal,-8.393,-66.488,-58.095,19.401,?,?
bpfi_0.3mm,4158.268,falha,6.170,-60.617,-66.787,12.559,?,?
bpfi_0.3mm,4168.651,falha,7.176,-51.501,-58.678,21.174,?,?
bpfi_0.3mm,4175.556,falha,16.110,-59.859,-75.969,14.011,?,?
bpfi_0.3mm,4180.371,normal,6.199,-48.128,-54.327,23.762,?,?
bpfi_0.3mm,4180.768,falha,6.592,-47.751,-54.343,25.797,?,?
bpfi_0.3mm,4184.218,falha,17.484,-62.813,-80.297,10.480,?,?
bpfi_0.3mm,4192.874,falha,16.917,-40.194,-57.112,32.769,BPFI±eixo,BPFI×16-2·eixo
bpfi_0.3mm,4196.413,normal,-6.613,-70.017,-63.404,14.672,motor,motor×173
bpfi_0.3mm,4199.752,falha,23.810,-55.511,-79.321,17.310,?,?
bpfi_0.3mm,4208.464,falha,10.551,-61.146,-71.697,11.862,?,?
bpfi_0.3mm,4214.987,normal,-10.334,-70.662,-60.328,18.843,?,?
bpfi_0.3mm,4217.121,falha,15.196,-38.638,-53.834,35.102,?,?
bpfi_0.3mm,4225.768,falha,10.637,-57.875,-68.512,16.369,?,?
bpfi_0.3mm,4232.706,falha,8.948,-58.700,-67.648,15.545,?,?
bpfi_0.3mm,4241.358,falha,14.373,-43.691,-58.064,30.614,?,?
bpfi_0.3mm,4243.074,falha,8.590,-41.663,-50.253,33.080,BPFI±eixo,BPFI×16-1·eixo
bpfi_0.3mm,4260.363,falha,21.657,-60.264,-81.921,14.451,?,?
bpfi_0.3mm,4262.132,falha,8.056,-61.832,-69.888,12.883,?,?
bpfi_0.3mm,4265.596,falha,11.912,-52.954,-64.867,21.729,?,?
bpfi_0.3mm,4267.325,falha,6.260,-40.334,-46.594,34.381,?,?
bpfi_0.3mm,4268.648,normal,7.733,-56.164,-63.896,16.601,?,?
bpfi_0.3mm,4269.056,falha,8.680,-55.410,-64.090,18.787,motor,motor×176
bpfi_0.3mm,4281.868,falha,18.103,-62.153,-80.256,11.913,?,?
bpfi_0.3mm,4291.564,falha,6.405,-45.022,-51.427,28.334,?,?
bpfi_0.3mm,4293.296,falha,7.164,-44.710,-51.875,28.916,ambiguo,motor×177;BPFI×16
bpfi_0.3mm,4296.862,normal,-10.691,-74.943,-64.252,14.245,?,?
bpfi_0.3mm,4300.183,falha,14.838,-60.364,-75.202,13.263,?,?
bpfi_0.3mm,4301.537,falha,14.352,-55.611,-69.963,18.016,?,?
bpfi_0.3mm,4314.084,falha,12.266,-57.442,-69.708,17.530,?,?
bpfi_0.3mm,4315.801,falha,9.624,-53.846,-63.469,21.266,?,?
bpfi_0.3mm,4319.266,falha,8.508,-64.383,-72.891,10.729,?,?
bpfi_0.3mm,4320.352,falha,17.509,-61.894,-79.403,13.217,?,?
bpfi_0.3mm,4326.195,falha,10.165,-58.576,-68.741,16.979,?,?
bpfi_0.3mm,4329.648,falha,12.697,-59.693,-72.390,15.935,?,?
bpfi_0.3mm,4342.977,normal,15.052,-42.728,-57.781,21.772,?,?
bpfi_0.3mm,4343.482,falha,18.644,-41.303,-59.947,34.213,BPFI±eixo,BPFI×16+1·eixo
bpfi_0.3mm,4352.153,falha,10.893,-58.075,-68.968,16.619,?,?
bpfi_0.3mm,4355.600,falha,10.251,-63.177,-73.428,12.695,?,?
bpfi_0.3mm,4360.786,falha,13.818,-64.594,-78.412,11.568,?,?
bpfi_0.3mm,4364.264,falha,8.758,-62.456,-71.213,13.924,?,?
bpfi_0.3mm,4366.006,falha,15.866,-55.242,-71.108,21.206,motor,motor×180
bpfi_0.3mm,4379.858,falha,7.985,-64.011,-71.997,13.691,?,?
bpfi_0.3mm,4393.686,falha,25.326,-39.750,-65.076,36.996,BPFI±eixo,BPFI×16+2·eixo
bpfi_0.3mm,4397.949,normal,-13.413,-79.542,-66.129,14.575,?,?
bpfi_0.3mm,4401.898,falha,18.510,-54.974,-73.484,22.711,?,?
bpfi_0.3mm,4402.901,normal,-11.456,-67.426,-55.970,24.065,?,?
bpfi_0.3mm,4411.018,falha,6.911,-60.225,-67.136,18.014,?,?
bpfi_0.3mm,4416.206,falha,6.386,-62.561,-68.947,15.463,?,?
bpfi_0.3mm,4426.594,falha,13.861,-63.491,-77.351,14.444,?,?
bpfi_0.3mm,4430.059,falha,8.440,-66.479,-74.918,11.508,?,?
bpfi_0.3mm,4431.743,falha,10.249,-66.292,-76.542,10.969,?,?
bpfi_0.3mm,4441.750,normal,-6.386,-70.412,-64.025,17.349,?,?
bpfi_0.3mm,4443.890,falha,35.511,-43.867,-79.378,34.236,?,?
bpfi_0.3mm,4449.085,falha,6.267,-66.880,-73.146,11.302,?,?
bpfi_0.3mm,4451.597,falha,18.812,-65.043,-83.855,13.060,?,?
bpfi_0.3mm,4458.811,normal,-9.271,-77.328,-68.056,13.682,?,?
bpfi_0.3mm,4461.205,falha,23.715,-52.804,-76.520,25.299,BPFI±eixo,BPFI×17-2·eixo
bpfi_0.3mm,4466.414,falha,17.175,-65.550,-82.725,13.854,?,?
bpfi_0.3mm,4468.142,falha,7.829,-66.929,-74.758,12.834,?,?
bpfi_0.3mm,4481.826,falha,8.215,-65.539,-73.755,13.517,?,?
bpfi_0.3mm,4483.745,falha,6.160,-67.680,-73.840,11.031,?,?
bpfi_0.3mm,4494.094,falha,20.408,-49.145,-69.554,29.248,?,?
bpfi_0.3mm,4498.624,normal,-11.402,-77.260,-65.859,12.411,?,?
bpfi_0.3mm,4511.406,falha,17.572,-49.378,-66.950,27.156,BPFI±eixo,BPFI×17-1·eixo
bpfi_0.3mm,4517.898,normal,-10.645,-71.140,-60.495,18.741,eixo,eixo×90
bpfi_0.3mm,4541.599,falha,7.934,-66.394,-74.328,11.128,?,?
bpfi_0.3mm,4544.304,falha,11.456,-59.195,-70.651,17.395,?,?
bpfi_0.3mm,4545.450,normal,-7.563,-76.548,-68.985,11.765,?,?
bpfi_0.3mm,4547.936,falha,12.751,-64.957,-77.707,12.565,?,?
bpfi_0.3mm,4551.973,falha,11.301,-63.128,-74.429,13.304,?,?
bpfi_0.3mm,4559.534,normal,-8.123,-77.085,-68.962,11.803,?,?
bpfi_0.3mm,4561.609,falha,27.461,-52.270,-79.730,25.304,BPFI,BPFI×17
bpfi_0.3mm,4563.186,falha,6.208,-64.127,-70.335,13.590,?,?
bpfi_0.3mm,4571.622,falha,23.693,-58.339,-82.032,19.880,?,?
bpfi_0.3mm,4579.770,normal,-17.794,-80.688,-62.894,18.901,?,?
bpfi_0.3mm,4581.990,falha,23.048,-59.476,-82.524,19.771,?,?
bpfi_0.3mm,4592.833,falha,9.196,-69.242,-78.438,10.060,?,?
bpfi_0.3mm,4594.498,falha,9.165,-62.375,-71.540,17.998,?,?
bpfi_0.3mm,4608.010,falha,9.735,-69.011,-78.746,11.178,?,?
bpfi_0.3mm,4611.815,falha,37.917,-44.728,-82.645,33.745,BPFI±eixo,BPFI×17+1·eixo
bpfi_0.3mm,4620.122,normal,-9.992,-78.473,-68.481,13.417,?,?
bpfi_0.3mm,4623.779,falha,15.362,-67.294,-82.657,12.641,?,?
bpfi_0.3mm,4629.137,falha,7.004,-69.721,-76.725,10.614,?,?
bpfi_0.3mm,4632.222,falha,10.600,-69.426,-80.026,10.586,?,?
bpfi_0.3mm,4640.229,normal,-9.976,-78.230,-68.254,14.660,?,?
bpfi_0.3mm,4643.960,falha,10.652,-63.934,-74.587,16.008,?,?
bpfi_0.3mm,4644.701,falha,7.714,-66.872,-74.587,12.688,?,?
bpfi_0.3mm,4660.491,normal,-11.057,-76.510,-65.453,17.627,?,?
bpfi_0.3mm,4662.017,falha,41.749,-39.890,-81.639,38.100,BPFI±eixo,BPFI×17+2·eixo
bpfi_0.3mm,4664.129,falha,15.106,-67.401,-82.507,11.797,?,?
bpfi_0.3mm,4668.961,falha,8.726,-60.301,-69.027,19.081,?,?
bpfi_0.3mm,4672.038,falha,17.300,-63.960,-81.260,14.283,?,?
bpfi_0.3mm,4673.145,normal,-12.666,-76.678,-64.011,18.615,?,?
bpfi_0.3mm,4679.328,falha,8.550,-61.083,-69.633,17.919,?,?
bpfi_0.3mm,4680.176,normal,-8.907,-76.529,-67.621,15.223,?,?
bpfi_0.3mm,4683.796,falha,8.378,-66.067,-74.445,12.783,?,?
bpfi_0.3mm,4691.673,falha,13.006,-62.700,-75.706,17.098,?,?
bpfi_0.3mm,4702.035,falha,20.395,-60.045,-80.439,21.395,?,?
bpfi_0.3mm,4703.179,normal,-12.839,-76.343,-63.504,19.496,?,?
bpfi_0.3mm,4712.221,falha,37.523,-44.755,-82.278,36.273,?,?
bpfi_0.3mm,4714.898,falha,12.447,-66.962,-79.409,14.132,?,?
bpfi_0.3mm,4721.013,normal,-6.378,-72.955,-66.577,16.370,?,?
bpfi_0.3mm,4724.720,falha,19.903,-61.609,-81.512,18.807,?,?
bpfi_0.3mm,4729.533,falha,28.988,-50.812,-79.801,29.615,BPFI±eixo,BPFI×18-2·eixo
bpfi_0.3mm,4741.181,normal,-12.949,-77.323,-64.374,17.171,?,?
bpfi_0.3mm,4744.907,falha,11.501,-67.930,-79.431,12.454,?,?
bpfi_0.3mm,4751.660,falha,15.490,-63.388,-78.878,17.073,?,?
bpfi_0.3mm,4752.887,normal,-14.089,-82.311,-68.222,13.323,?,?
bpfi_0.3mm,4761.300,normal,-14.366,-75.739,-61.374,20.891,?,?
bpfi_0.3mm,4762.423,falha,28.822,-53.142,-81.963,27.442,?,?
bpfi_0.3mm,4765.102,falha,27.509,-55.938,-83.447,25.057,?,?
bpfi_0.3mm,4779.737,falha,29.608,-50.528,-80.136,29.299,BPFI±eixo,BPFI×18-1·eixo
bpfi_0.3mm,4782.847,normal,-7.839,-77.233,-69.393,10.657,?,?
bpfi_0.3mm,4785.296,falha,13.215,-62.447,-75.662,17.133,?,?
bpfi_0.3mm,4792.079,falha,6.175,-66.751,-72.926,13.612,?,?
bpfi_0.3mm,4793.289,normal,-9.731,-78.875,-69.144,12.204,?,?
bpfi_0.3mm,4795.125,falha,13.827,-68.296,-82.123,12.003,?,?
bpfi_0.3mm,4800.124,falha,12.226,-69.988,-82.214,10.898,?,?
bpfi_0.3mm,4812.628,falha,15.411,-60.478,-75.889,20.700,?,?
bpfi_0.3mm,4815.312,falha,17.387,-66.972,-84.360,14.205,?,?
bpfi_0.3mm,4820.928,normal,-7.735,-74.343,-66.609,17.760,?,?
bpfi_0.3mm,4823.205,normal,-8.175,-77.958,-69.783,14.620,?,?
bpfi_0.3mm,4825.681,falha,13.541,-65.713,-79.253,15.105,?,?
bpfi_0.3mm,4829.941,falha,43.464,-40.858,-84.323,40.017,BPFI,BPFI×18
bpfi_0.3mm,4842.900,normal,-23.601,-83.683,-60.082,22.332,?,?
bpfi_0.3mm,4845.324,falha,11.506,-63.662,-75.168,18.340,?,?
bpfi_0.3mm,4845.856,falha,21.648,-63.846,-85.495,18.156,?,?
bpfi_0.3mm,4846.399,falha,11.582,-66.976,-78.558,15.119,?,?
bpfi_0.3mm,4847.252,falha,10.100,-68.458,-78.558,13.507,?,?
bpfi_0.3mm,4853.194,normal,-13.437,-85.999,-72.562,11.134,?,?
bpfi_0.3mm,4865.507,falha,22.479,-64.313,-86.792,17.484,?,?
bpfi_0.3mm,4866.598,falha,12.795,-68.414,-81.210,12.801,?,?
bpfi_0.3mm,4869.582,falha,7.510,-70.506,-78.017,10.653,eixo,eixo×97
bpfi_0.3mm,4871.715,falha,7.135,-65.541,-72.676,15.201,?,?
bpfi_0.3mm,4872.947,normal,-17.250,-82.081,-64.831,19.289,?,?
bpfi_0.3mm,4880.145,falha,32.530,-51.994,-84.524,28.268,BPFI±eixo,BPFI×18+1·eixo
bpfi_0.3mm,4897.453,falha,18.442,-63.056,-81.498,16.019,?,?
bpfi_0.3mm,4902.875,normal,-8.304,-76.820,-68.517,17.512,?,?
bpfi_0.3mm,4906.442,falha,14.774,-69.405,-84.179,10.671,?,?
bpfi_0.3mm,4916.805,falha,10.074,-68.523,-78.597,10.772,?,?
bpfi_0.3mm,4917.770,normal,-8.702,-79.791,-71.089,14.458,?,?
bpfi_0.3mm,4922.704,normal,-9.833,-77.534,-67.701,17.079,?,?
bpfi_0.3mm,4926.625,falha,20.670,-62.463,-83.133,16.620,?,?
bpfi_0.3mm,4927.115,falha,24.782,-63.534,-88.316,15.549,?,?
bpfi_0.3mm,4930.349,falha,27.483,-51.462,-78.944,27.621,BPFI±eixo,BPFI×18+2·eixo
bpfi_0.3mm,4946.376,falha,22.567,-62.884,-85.452,18.554,?,?
bpfi_0.3mm,4946.830,falha,22.043,-61.332,-83.376,20.186,?,?
bpfi_0.3mm,4947.658,falha,32.350,-51.026,-83.376,30.462,?,?
bpfi_0.3mm,4949.196,falha,15.207,-70.609,-85.816,10.830,?,?
bpfi_0.3mm,4951.288,falha,13.729,-71.272,-85.000,10.431,?,?
bpfi_0.3mm,4952.714,normal,-6.128,-81.023,-74.895,10.061,?,?
bpfi_0.3mm,4961.765,falha,18.699,-64.788,-83.487,16.914,?,?
bpfi_0.3mm,4963.040,normal,-15.056,-77.461,-62.404,21.522,?,?
bpfi_0.3mm,4966.247,normal,-7.576,-73.002,-65.425,18.855,?,?
bpfi_0.3mm,4967.010,falha,18.732,-61.434,-80.166,19.524,?,?
bpfi_0.3mm,4970.189,falha,6.387,-70.033,-76.421,10.433,?,?
bpfi_0.3mm,4973.133,normal,-15.187,-81.844,-66.657,15.935,motor,motor×205
bpfi_0.3mm,4980.557,falha,15.562,-62.886,-78.448,15.930,?,?
bpfi_0.3mm,4987.749,falha,14.721,-66.636,-81.356,12.021,?,?
bpfi_0.3mm,4990.475,normal,-8.709,-78.252,-69.543,13.901,?,?
bpfi_0.3mm,4991.795,falha,13.476,-63.527,-77.003,15.775,?,?
bpfi_0.3mm,4997.862,falha,36.342,-45.792,-82.134,33.168,BPFI±eixo,BPFI×19-2·eixo
bpfi_0.3mm,5003.963,normal,-10.205,-80.528,-70.324,14.501,?,?
bpfi_0.3mm,5007.942,falha,15.642,-67.005,-82.648,12.637,?,?
bpfi_0.3mm,5008.829,falha,15.517,-66.975,-82.493,12.667,?,?
bpfi_0.3mm,5016.951,falha,16.749,-67.765,-84.514,10.023,?,?
bpfi_0.3mm,5023.647,normal,-12.238,-77.520,-65.283,17.788,?,?
bpfi_0.3mm,5027.047,falha,9.210,-66.060,-75.270,12.198,?,?
bpfi_0.3mm,5027.605,falha,19.371,-62.646,-82.017,15.612,?,?
bpfi_0.3mm,5028.110,falha,18.662,-63.356,-82.017,15.340,?,?
bpfi_0.3mm,5030.760,falha,26.263,-60.614,-86.877,17.719,?,?
bpfi_0.3mm,5033.363,normal,-8.672,-80.058,-71.385,12.082,?,?
bpfi_0.3mm,5048.068,falha,29.115,-48.815,-77.930,31.112,BPFI±eixo,BPFI×19-1·eixo
bpfi_0.3mm,5051.810,falha,14.231,-70.733,-84.964,10.111,?,?
bpfi_0.3mm,5063.412,normal,-10.409,-75.466,-65.057,18.376,?,?
bpfi_0.3mm,5067.166,falha,13.876,-67.941,-81.817,13.239,?,?
bpfi_0.3mm,5068.470,falha,13.019,-69.356,-82.374,11.799,?,?
bpfi_0.3mm,5080.962,falha,16.174,-66.430,-82.604,13.241,?,?
bpfi_0.3mm,5088.058,falha,12.488,-64.710,-77.198,14.539,?,?
bpfi_0.3mm,5091.348,falha,12.839,-68.776,-81.614,10.670,?,?
bpfi_0.3mm,5098.270,falha,35.869,-40.139,-76.009,38.131,BPFI,BPFI×19
bpfi_0.3mm,5104.329,normal,-7.352,-79.299,-71.947,10.479,?,?
bpfi_0.3mm,5107.815,falha,20.288,-65.489,-85.778,13.278,?,?
bpfi_0.3mm,5108.349,falha,15.893,-65.484,-81.378,13.015,?,?
bpfi_0.3mm,5113.199,normal,-8.469,-78.857,-70.387,11.255,?,?
bpfi_0.3mm,5115.575,falha,12.410,-64.424,-76.834,14.517,?,?
bpfi_0.3mm,5124.523,normal,-10.588,-72.949,-62.361,18.804,?,?
bpfi_0.3mm,5128.545,falha,23.456,-56.984,-80.440,22.005,?,?
bpfi_0.3mm,5129.656,normal,-6.958,-73.281,-66.324,15.292,?,?
bpfi_0.3mm,5138.127,falha,6.603,-66.697,-73.300,11.386,?,?
bpfi_0.3mm,5141.829,falha,20.369,-62.624,-82.993,15.863,?,?
bpfi_0.3mm,5143.209,normal,-12.713,-77.777,-65.064,16.193,?,?
bpfi_0.3mm,5144.692,normal,-14.085,-75.376,-61.292,19.676,?,?
bpfi_0.3mm,5146.790,falha,8.547,-66.047,-74.594,12.637,?,?
bpfi_0.3mm,5148.483,falha,20.199,-47.288,-67.486,31.326,BPFI±eixo,BPFI×19+1·eixo
bpfi_0.3mm,5158.568,falha,10.294,-66.455,-76.748,12.417,?,?
bpfi_0.3mm,5164.905,normal,-14.039,-81.941,-67.901,12.376,?,?
bpfi_0.3mm,5168.945,falha,14.163,-64.267,-78.430,14.169,?,?
bpfi_0.3mm,5169.455,falha,18.916,-63.881,-82.797,14.249,?,?
bpfi_0.3mm,5171.000,falha,10.649,-66.431,-77.080,11.998,?,?
bpfi_0.3mm,5185.498,normal,-12.049,-80.735,-68.687,13.440,?,?
bpfi_0.3mm,5189.670,falha,15.960,-66.093,-82.052,13.055,?,?
bpfi_0.3mm,5203.099,normal,-9.838,-79.170,-69.332,13.077,?,?
bpfi_0.3mm,5205.231,normal,-10.654,-75.270,-64.616,17.270,?,?
bpfi_0.3mm,5208.776,falha,7.118,-64.956,-72.074,14.214,?,?
bpfi_0.3mm,5209.315,falha,21.371,-63.873,-85.244,15.012,?,?
bpfi_0.3mm,5215.989,falha,24.230,-52.285,-76.515,26.269,?,?
bpfi_0.3mm,5228.950,falha,10.880,-68.066,-78.946,10.467,?,?
bpfi_0.3mm,5230.055,falha,17.067,-64.855,-81.922,12.834,?,?
bpfi_0.3mm,5231.876,falha,18.719,-64.263,-82.982,14.014,?,?
bpfi_0.3mm,5242.250,falha,13.723,-65.937,-79.661,13.058,?,?
bpfi_0.3mm,5243.207,normal,-8.393,-78.982,-70.589,12.188,?,?
bpfi_0.3mm,5248.889,falha,12.254,-64.906,-77.160,14.905,?,?
bpfi_0.3mm,5261.892,falha,7.938,-68.138,-76.076,11.790,?,?
bpfi_0.3mm,5263.220,normal,-12.755,-75.192,-62.437,19.556,?,?
bpfi_0.3mm,5265.700,normal,16.645,-51.037,-67.682,14.513,?,?
bpfi_0.3mm,5266.191,falha,21.004,-47.066,-68.070,33.540,BPFI±eixo,BPFI×20-2·eixo
bpfi_0.3mm,5269.823,falha,10.684,-64.361,-75.046,15.465,?,?
bpfi_0.3mm,5280.205,falha,14.935,-70.249,-85.184,10.428,?,?
bpfi_0.3mm,5281.598,falha,7.379,-70.034,-77.412,10.643,?,?
bpfi_0.3mm,5291.992,falha,8.008,-70.981,-78.989,10.481,?,?
bpfi_0.3mm,5295.136,normal,-7.183,-69.533,-62.350,20.252,?,?
bpfi_0.3mm,5297.396,falha,8.478,-70.084,-78.562,12.073,?,?
bpfi_0.3mm,5299.084,falha,9.639,-70.426,-80.065,11.378,?,?
bpfi_0.3mm,5306.054,normal,-16.106,-82.272,-66.166,16.392,?,?
bpfi_0.3mm,5310.257,falha,15.842,-67.704,-83.546,14.410,?,?
bpfi_0.3mm,5315.882,normal,12.031,-58.062,-70.093,12.220,?,?
bpfi_0.3mm,5316.396,falha,17.617,-53.537,-71.154,27.853,BPFI±eixo,BPFI×20-1·eixo
bpfi_0.3mm,5321.628,falha,9.571,-62.986,-72.557,17.765,?,?
bpfi_0.3mm,5326.270,normal,-11.776,-77.525,-65.749,16.564,?,?
bpfi_0.3mm,5329.757,normal,-6.452,-76.229,-69.777,13.176,?,?
bpfi_0.3mm,5345.847,falha,12.113,-67.409,-79.522,14.199,?,?
bpfi_0.3mm,5349.285,falha,8.021,-70.609,-78.630,10.536,?,?
bpfi_0.3mm,5363.642,normal,-13.483,-81.800,-68.316,14.122,?,?
bpfi_0.3mm,5366.600,falha,22.200,-45.174,-67.374,36.163,BPFI,BPFI×20
bpfi_0.3mm,5379.955,normal,-8.919,-76.982,-68.063,14.275,?,?
bpfi_0.3mm,5381.947,falha,15.216,-64.076,-79.292,18.587,?,?
bpfi_0.3mm,5383.266,normal,-20.168,-78.177,-58.008,24.635,?,?
bpfi_0.3mm,5404.187,normal,-6.334,-79.049,-72.715,10.273,?,?
bpfi_0.3mm,5407.554,normal,-8.006,-79.482,-71.476,11.691,?,?
bpfi_0.3mm,5411.920,falha,24.179,-63.720,-87.899,16.859,?,?
bpfi_0.3mm,5413.369,normal,-16.710,-82.920,-66.210,17.504,?,?
bpfi_0.3mm,5416.803,falha,23.658,-49.279,-72.937,33.483,BPFI±eixo,BPFI×20+1·eixo
bpfi_0.3mm,5422.056,falha,11.531,-63.385,-74.916,16.735,?,?
bpfi_0.3mm,5432.147,falha,8.780,-69.119,-77.899,13.364,?,?
bpfi_0.3mm,5434.119,falha,11.482,-69.021,-80.503,13.594,motor,motor×224
bpfi_0.3mm,5435.351,normal,-7.380,-75.794,-68.414,13.285,?,?
bpfi_0.3mm,5447.459,normal,-11.624,-79.380,-67.756,14.380,?,?
bpfi_0.3mm,5457.827,normal,-8.880,-75.607,-66.727,16.414,motor,motor×225
bpfi_0.3mm,5462.092,falha,15.404,-68.744,-84.148,13.124,?,?
bpfi_0.3mm,5467.007,falha,21.393,-49.967,-71.360,31.901,BPFI±eixo,BPFI×20+2·eixo
bpfi_0.3mm,5471.892,falha,-9.358,-69.210,-59.852,12.645,eixo,eixo×109
bpfi_0.3mm,5473.312,normal,-16.777,-84.222,-67.445,15.386,?,?
bpfi_0.3mm,5476.901,normal,-11.042,-81.103,-70.060,12.123,?,?
bpfi_0.3mm,5482.350,falha,10.876,-62.909,-73.786,18.945,motor,motor×226
bpfi_0.3mm,5483.191,normal,-10.588,-79.612,-69.024,13.514,?,?
bpfi_0.3mm,5484.319,falha,13.794,-58.220,-72.014,23.842,?,?
bpfi_0.3mm,5487.648,normal,-16.836,-78.494,-61.657,20.184,?,?
bpfi_0.3mm,5491.989,falha,19.764,-63.200,-82.964,18.139,?,?
bpfi_0.3mm,5495.932,normal,-6.649,-73.225,-66.575,15.902,?,?
bpfi_0.3mm,5501.984,falha,22.376,-61.283,-83.660,19.958,?,?
bpfi_0.3mm,5507.983,normal,-8.050,-78.413,-70.363,12.397,?,?
bpfi_0.3mm,5512.299,falha,23.721,-60.297,-84.018,21.182,?,?
bpfi_0.3mm,5513.695,normal,-8.375,-76.422,-68.047,15.970,?,?
bpfi_0.3mm,5515.622,falha,13.085,-72.001,-85.087,10.518,?,?
bpfi_0.3mm,5517.212,falha,23.396,-54.097,-77.494,28.737,?,?
bpfi_0.3mm,5517.955,falha,8.030,-67.876,-75.906,15.824,?,?
bpfi_0.3mm,5533.313,normal,-13.093,-75.788,-62.695,20.613,?,?
bpfi_0.3mm,5534.523,falha,32.250,-51.158,-83.408,31.719,BPFI±eixo,BPFI×21-2·eixo
bpfi_0.3mm,5542.363,falha,14.285,-66.171,-80.455,16.968,?,?
bpfi_0.3mm,5543.350,normal,-8.117,-81.772,-73.655,11.704,?,?
bpfi_0.3mm,5548.177,normal,-10.454,-73.748,-63.294,22.017,?,?
bpfi_0.3mm,5552.558,falha,6.869,-63.902,-70.771,19.542,?,?
bpfi_0.3mm,5559.984,normal,-8.326,-82.667,-74.341,10.028,?,?
bpfi_0.3mm,5562.007,falha,13.884,-60.456,-74.340,23.614,?,?
bpfi_0.3mm,5563.427,normal,-14.825,-78.019,-63.194,21.214,?,?
bpfi_0.3mm,5566.034,normal,-8.759,-80.502,-71.742,11.554,?,?
bpfi_0.3mm,5567.416,falha,19.059,-58.542,-77.601,25.763,?,?
bpfi_0.3mm,5572.654,falha,7.025,-65.299,-72.323,18.629,?,?
bpfi_0.3mm,5582.210,falha,12.480,-69.557,-82.036,11.993,?,?
bpfi_0.3mm,5583.604,normal,-8.759,-78.216,-69.457,14.663,?,?
bpfi_0.3mm,5584.729,falha,18.440,-60.401,-78.841,20.567,BPFI±eixo,BPFI×21-1·eixo
bpfi_0.3mm,5592.942,falha,6.729,-65.785,-72.514,14.735,?,?
bpfi_0.3mm,5602.395,falha,20.943,-59.978,-80.921,20.677,?,?
bpfi_0.3mm,5603.803,normal,-15.666,-78.304,-62.638,22.968,motor,motor×231
bpfi_0.3mm,5617.623,falha,17.588,-63.455,-81.043,18.708,?,?
bpfi_0.3mm,5620.559,normal,-6.620,-70.746,-64.126,21.944,?,?
bpfi_0.3mm,5628.406,normal,-12.417,-86.087,-73.670,12.053,?,?
bpfi_0.3mm,5628.874,normal,-13.227,-86.297,-73.070,12.654,?,?
bpfi_0.3mm,5634.929,falha,40.965,-44.190,-85.154,36.430,BPFI,BPFI×21
bpfi_0.3mm,5644.786,normal,-6.126,-81.736,-75.610,10.087,?,?
bpfi_0.3mm,5652.045,falha,30.124,-56.462,-86.586,25.024,motor,motor×233
bpfi_0.3mm,5656.912,normal,-7.199,-79.621,-72.422,13.755,?,?
bpfi_0.3mm,5662.416,falha,18.406,-65.070,-83.477,17.177,?,?
bpfi_0.3mm,5663.574,normal,-6.153,-77.391,-71.238,15.348,?,?
bpfi_0.3mm,5664.750,falha,14.804,-72.182,-86.986,10.440,?,?
bpfi_0.3mm,5667.821,falha,7.394,-70.491,-77.885,13.643,?,?
bpfi_0.3mm,5670.757,normal,-8.696,-85.101,-76.405,10.288,?,?
bpfi_0.3mm,5673.082,falha,13.176,-65.754,-78.930,16.946,?,?
bpfi_0.3mm,5673.702,falha,18.990,-59.899,-78.889,22.457,?,?
bpfi_0.3mm,5682.061,falha,22.571,-65.414,-87.985,16.889,?,?
bpfi_0.3mm,5685.133,falha,34.898,-45.561,-80.459,36.238,BPFI±eixo,BPFI×21+1·eixo
bpfi_0.3mm,5688.960,normal,-14.217,-79.569,-65.352,19.505,?,?
bpfi_0.3mm,5689.419,normal,-17.432,-81.743,-64.311,20.546,?,?
bpfi_0.3mm,5692.432,falha,21.901,-64.710,-86.612,16.253,?,?
bpfi_0.3mm,5693.384,normal,12.469,-57.469,-69.938,15.164,?,?
bpfi_0.3mm,5693.876,falha,13.032,-56.739,-69.771,24.200,?,?
bpfi_0.3mm,5702.341,falha,19.772,-68.860,-88.632,12.217,?,?
bpfi_0.3mm,5714.072,falha,11.314,-69.742,-81.057,11.437,?,?
bpfi_0.3mm,5715.768,normal,-6.458,-79.593,-73.135,12.888,?,?
bpfi_0.3mm,5720.957,normal,-6.418,-74.211,-67.793,18.096,?,?
bpfi_0.3mm,5724.369,falha,8.750,-67.628,-76.378,13.624,motor,motor×236
bpfi_0.3mm,5734.269,falha,16.947,-66.372,-83.319,14.731,?,?
bpfi_0.3mm,5735.344,falha,10.252,-61.540,-71.792,20.093,BPFI±eixo,BPFI×21+2·eixo
bpfi_0.3mm,5742.287,falha,7.267,-66.807,-74.074,12.893,?,?
bpfi_0.3mm,5752.461,falha,23.438,-59.401,-82.839,20.163,?,?
bpfi_0.3mm,5756.125,falha,9.290,-69.365,-78.655,10.556,?,?
bpfi_0.3mm,5760.188,falha,6.704,-69.330,-76.034,11.037,?,?
bpfi_0.3mm,5766.515,falha,8.175,-65.607,-73.781,15.216,?,?
bpfi_0.3mm,5769.430,normal,-8.606,-79.079,-70.473,16.352,?,?
bpfi_0.3mm,5772.890,normal,-9.100,-78.116,-69.016,17.756,ambiguo,eixo×115;motor×238
bpfi_0.3mm,5780.375,falha,7.423,-68.803,-76.226,14.050,?,?
bpfi_0.3mm,5782.462,falha,20.244,-67.765,-88.009,14.862,?,?
bpfi_0.3mm,5785.539,falha,21.050,-64.999,-86.048,17.623,?,?
bpfi_0.3mm,5791.930,normal,8.652,-62.694,-71.346,14.499,?,?
bpfi_0.3mm,5792.486,falha,16.196,-62.430,-78.626,19.266,?,?
bpfi_0.3mm,5802.313,normal,19.688,-53.350,-73.038,12.048,?,?
bpfi_0.3mm,5802.852,falha,26.394,-52.350,-78.744,28.412,BPFI±eixo,BPFI×22-2·eixo
bpfi_0.3mm,5810.473,normal,-15.041,-85.794,-70.753,13.954,?,?
bpfi_0.3mm,5813.809,falha,7.597,-71.617,-79.214,10.140,?,?
bpfi_0.3mm,5815.031,falha,15.732,-64.897,-80.628,17.236,?,?
bpfi_0.3mm,5816.726,falha,13.955,-72.690,-86.645,10.132,?,?
bpfi_0.3mm,5822.299,falha,17.243,-71.631,-88.874,11.631,motor,motor×240
bpfi_0.3mm,5823.655,falha,7.112,-70.687,-77.800,12.051,?,?
bpfi_0.3mm,5835.223,falha,19.303,-65.918,-85.221,16.665,?,?
bpfi_0.3mm,5835.708,falha,20.198,-66.993,-87.191,15.342,?,?
bpfi_0.3mm,5845.590,falha,12.140,-71.848,-83.988,10.146,motor,motor×241
bpfi_0.3mm,5850.291,normal,-10.249,-83.931,-73.682,13.471,?,?
bpfi_0.3mm,5850.784,normal,-8.741,-81.648,-72.907,13.871,?,?
bpfi_0.3mm,5853.053,falha,14.570,-66.926,-81.496,14.787,BPFI±eixo,BPFI×22-1·eixo
bpfi_0.3mm,5855.416,falha,17.938,-67.052,-84.989,14.689,?,?
bpfi_0.3mm,5871.013,normal,-18.081,-83.247,-65.166,22.138,?,?
bpfi_0.3mm,5872.457,falha,17.547,-70.096,-87.643,13.190,?,?
bpfi_0.3mm,5875.612,falha,30.652,-57.532,-88.184,25.714,?,?
bpfi_0.3mm,5885.943,falha,22.395,-65.845,-88.240,17.285,?,?
bpfi_0.3mm,5895.789,falha,11.699,-72.219,-83.918,10.008,?,?
bpfi_0.3mm,5899.253,normal,-11.009,-82.634,-71.625,14.093,?,?
bpfi_0.3mm,5902.528,falha,13.815,-59.307,-73.121,22.736,?,?
bpfi_0.3mm,5903.259,falha,31.485,-46.593,-78.077,34.646,BPFI,BPFI×22
bpfi_0.3mm,5903.959,normal,20.923,-54.498,-75.421,10.616,?,?
bpfi_0.3mm,5905.306,falha,8.388,-48.074,-56.463,33.164,?,?
bpfi_0.3mm,5916.001,falha,9.530,-68.218,-77.749,14.242,?,?
bpfi_0.3mm,5920.574,falha,11.318,-70.708,-82.026,12.136,?,?
bpfi_0.3mm,5922.146,falha,21.419,-64.012,-85.431,19.071,?,?
bpfi_0.3mm,5923.519,normal,-7.143,-74.627,-67.484,19.616,eixo,eixo×118
bpfi_0.3mm,5932.542,falha,12.936,-71.184,-84.120,11.383,?,?
bpfi_0.3mm,5936.152,falha,17.066,-66.563,-83.629,16.360,?,?
bpfi_0.3mm,5937.343,falha,6.365,-71.422,-77.787,11.803,?,?
bpfi_0.3mm,5937.840,falha,8.298,-72.271,-80.569,10.652,?,?
bpfi_0.3mm,5947.727,normal,-10.596,-83.556,-72.960,14.312,?,?
bpfi_0.3mm,5950.025,falha,7.671,-72.859,-80.530,10.064,?,?
bpfi_0.3mm,5952.150,falha,14.713,-63.699,-78.412,19.544,?,?
bpfi_0.3mm,5953.462,falha,25.167,-46.453,-71.620,36.746,BPFI±eixo,BPFI×22+1·eixo
bpfi_0.3mm,5956.357,falha,18.994,-69.893,-88.887,13.306,?,?
bpfi_0.3mm,5959.847,normal,-7.287,-83.606,-76.319,10.752,?,?
bpfi_0.3mm,5962.533,falha,17.112,-71.180,-88.291,11.300,?,?
bpfi_0.3mm,5970.771,falha,10.863,-69.184,-80.047,12.830,?,?
bpfi_0.3mm,5976.573,falha,13.697,-68.500,-82.197,13.304,?,?
bpfi_0.3mm,5982.171,falha,12.354,-69.428,-81.783,12.207,?,?
bpfi_0.3mm,5996.751,falha,17.832,-65.242,-83.073,17.462,?,?
bpfi_0.3mm,5998.492,falha,8.807,-70.731,-79.538,11.973,?,?
bpfi_0.3mm,6003.667,falha,35.057,-49.104,-84.161,33.817,BPFI±eixo,BPFI×22+2·eixo
bpfi_0.3mm,6007.139,falha,12.573,-71.179,-83.751,11.525,?,?
bpfi_0.3mm,6010.044,normal,-9.801,-84.341,-74.540,13.067,?,?
bpfi_0.3mm,6020.978,falha,23.752,-56.978,-80.730,26.718,?,?
bpfi_0.3mm,6022.559,falha,23.701,-61.157,-84.857,22.244,?,?
bpfi_0.3mm,6024.441,falha,-6.801,-73.393,-66.592,10.008,?,?
bpfi_0.3mm,6037.142,falha,12.519,-68.165,-80.684,15.417,?,?
bpfi_0.3mm,6050.924,falha,10.503,-68.513,-79.016,13.345,?,?
bpfi_0.3mm,6052.475,falha,11.507,-71.493,-83.000,10.278,?,?
bpfi_0.3mm,6053.869,falha,17.207,-51.989,-69.196,29.782,?,?
bpfi_0.3mm,6056.769,normal,6.912,-70.269,-77.182,10.822,?,?
bpfi_0.3mm,6057.350,falha,14.715,-69.665,-84.380,13.240,?,?
bpfi_0.3mm,6071.182,falha,33.361,-50.866,-84.227,31.396,BPFI±eixo,BPFI×23-2·eixo
bpfi_0.3mm,6074.673,falha,10.580,-63.941,-74.522,18.321,?,?
bpfi_0.3mm,6087.934,normal,-12.334,-75.996,-63.662,21.795,?,?
bpfi_0.3mm,6097.719,falha,19.356,-63.918,-83.274,17.388,?,?
bpfi_0.3mm,6100.633,falha,7.240,-66.234,-73.473,15.066,?,?
bpfi_0.3mm,6104.076,falha,23.710,-56.091,-79.801,24.678,?,?
bpfi_0.3mm,6107.535,falha,11.746,-68.037,-79.783,13.577,?,?
bpfi_0.3mm,6112.172,normal,-7.344,-77.657,-70.312,14.846,?,?
bpfi_0.3mm,6114.488,falha,12.116,-66.304,-78.420,15.878,?,?
bpfi_0.3mm,6123.730,normal,-6.261,-75.882,-69.622,17.055,?,?
bpfi_0.3mm,6126.014,normal,-6.257,-81.403,-75.147,11.149,?,?
bpfi_0.3mm,6136.409,normal,-6.877,-80.749,-73.872,11.880,?,?
bpfi_0.3mm,6142.599,falha,17.147,-66.832,-83.979,13.917,?,?
bpfi_0.3mm,6149.110,falha,6.917,-65.726,-72.643,14.473,?,?
bpfi_0.3mm,6150.251,normal,-9.885,-77.639,-67.754,17.341,?,?
bpfi_0.3mm,6151.980,normal,-9.390,-77.660,-68.270,16.674,?,?
bpfi_0.3mm,6153.625,normal,7.485,-66.979,-74.464,10.480,?,?
bpfi_0.3mm,6154.279,falha,15.763,-63.088,-78.851,17.111,?,?
bpfi_0.3mm,6157.812,falha,11.483,-70.349,-81.832,11.796,?,?
bpfi_0.3mm,6160.638,normal,-10.427,-76.393,-65.966,18.759,?,?
bpfi_0.3mm,6164.693,falha,12.707,-67.929,-80.636,11.412,?,?
bpfi_0.3mm,6171.590,falha,26.025,-47.799,-73.824,31.997,BPFI,BPFI×23
bpfi_0.3mm,6172.353,normal,7.529,-56.956,-64.485,20.413,?,?
bpfi_0.3mm,6174.487,normal,-6.343,-63.628,-57.285,27.514,eixo,eixo×123
bpfi_0.3mm,6186.606,normal,-14.152,-81.797,-67.645,16.243,?,?
bpfi_0.3mm,6192.268,falha,10.889,-61.647,-72.536,18.176,?,?
bpfi_0.3mm,6198.724,normal,-11.677,-76.936,-65.259,17.036,?,?
bpfi_0.3mm,6200.447,normal,-12.310,-67.834,-55.524,26.771,?,?
bpfi_0.3mm,6202.179,normal,-9.427,-74.783,-65.356,16.242,?,?
bpfi_0.3mm,6204.499,falha,8.351,-69.041,-77.391,10.783,?,?
bpfi_0.3mm,6210.836,normal,-9.564,-71.374,-61.810,21.957,?,?
bpfi_0.3mm,6211.434,falha,9.860,-61.217,-71.077,18.606,?,?
bpfi_0.3mm,6212.561,normal,-7.516,-75.813,-68.297,15.192,?,?
bpfi_0.3mm,6214.892,falha,11.394,-67.423,-78.816,12.576,?,?
bpfi_0.3mm,6221.795,falha,35.351,-48.134,-83.485,31.864,BPFI±eixo,BPFI×23+1·eixo
bpfi_0.3mm,6224.682,normal,-11.103,-60.460,-49.357,34.046,eixo,eixo×124
bpfi_0.3mm,6226.415,normal,-7.986,-72.724,-64.739,19.124,?,?
bpfi_0.3mm,6228.144,normal,-6.249,-79.075,-72.826,10.853,?,?
bpfi_0.3mm,6235.661,falha,7.483,-70.055,-77.538,10.354,?,?
bpfi_0.3mm,6236.809,normal,-12.726,-78.729,-66.002,16.713,?,?
bpfi_0.3mm,6237.406,falha,6.529,-68.946,-75.475,11.426,?,?
bpfi_0.3mm,6239.132,falha,14.701,-51.537,-66.239,28.298,?,?
bpfi_0.3mm,6248.917,normal,-13.074,-69.193,-56.119,26.597,?,?
bpfi_0.3mm,6249.517,falha,6.695,-59.120,-65.814,19.704,?,?
bpfi_0.3mm,6250.648,normal,-7.742,-57.032,-49.290,33.089,?,?
bpfi_0.3mm,6261.635,falha,7.691,-60.405,-68.097,17.748,?,?
bpfi_0.3mm,6262.767,normal,-6.017,-72.294,-66.277,15.267,?,?
bpfi_0.3mm,6264.482,normal,-9.502,-74.238,-64.736,16.975,?,?
bpfi_0.3mm,6271.998,falha,33.428,-47.048,-80.476,30.635,BPFI±eixo,BPFI×23+2·eixo
bpfi_0.3mm,6274.882,normal,-7.436,-49.512,-42.076,40.043,eixo,eixo×125
bpfi_0.3mm,6285.877,falha,9.503,-64.828,-74.331,13.440,?,?
bpfi_0.3mm,6287.000,normal,-6.504,-73.823,-67.319,14.923,?,?
bpfi_0.3mm,6287.599,falha,12.000,-65.242,-77.242,13.026,?,?
bpfi_0.3mm,6290.458,normal,-7.725,-74.787,-67.062,14.032,?,?
bpfi_0.3mm,6292.693,falha,10.598,-67.996,-78.595,11.079,?,?
bpfi_0.3mm,6299.118,normal,-9.617,-58.639,-49.022,32.169,?,?
bpfi_0.3mm,6299.720,falha,10.355,-47.866,-58.221,31.045,?,?
bpfi_0.3mm,6300.847,normal,-14.691,-66.437,-51.746,29.348,?,?
bpfi_0.3mm,6302.583,normal,-8.387,-77.065,-68.677,11.457,?,?
bpfi_0.3mm,6311.237,normal,-6.037,-62.210,-56.173,25.017,?,?
bpfi_0.3mm,6312.971,normal,-13.608,-77.430,-63.821,17.369,?,?
bpfi_0.3mm,6314.700,normal,-15.139,-78.418,-63.279,17.912,?,?
bpfi_0.3mm,6319.790,falha,14.549,-67.800,-82.349,11.545,?,?
bpfi_0.3mm,6322.201,falha,30.065,-47.686,-77.750,31.556,?,?
bpfi_0.3mm,6325.082,normal,-17.653,-61.016,-43.363,37.239,eixo,eixo×126
bpfi_0.3mm,6326.811,normal,-8.452,-72.650,-64.198,16.543,?,?
bpfi_0.3mm,6336.079,falha,13.386,-64.321,-77.707,15.394,?,?
bpfi_0.3mm,6337.204,normal,-10.624,-77.030,-66.406,14.410,?,?
bpfi_0.3mm,6337.808,falha,9.553,-65.790,-75.343,13.925,?,?
bpfi_0.3mm,6338.931,normal,-10.057,-60.901,-50.844,29.972,?,?
bpfi_0.3mm,6341.253,falha,8.893,-68.918,-77.811,10.374,?,?
bpfi_0.3mm,6351.047,normal,-9.562,-56.097,-46.535,33.174,?,?
bpfi_0.3mm,6362.039,falha,7.134,-56.466,-63.600,21.554,?,?
bpfi_0.3mm,6363.773,falha,13.844,-65.681,-79.525,12.339,?,?
bpfi_0.3mm,6364.893,normal,-6.789,-76.065,-69.276,10.422,?,?
bpfi_0.3mm,6372.401,falha,25.934,-52.818,-78.753,24.696,?,?
bpfi_0.3mm,6375.281,normal,-9.617,-48.499,-38.882,41.887,eixo,eixo×127
bpfi_0.3mm,6375.891,falha,11.009,-37.879,-48.887,40.000,?,?
bpfi_0.3mm,6386.281,falha,11.711,-62.380,-74.091,16.295,?,?
bpfi_0.3mm,6387.395,normal,-16.552,-78.955,-62.403,19.160,?,?
bpfi_0.3mm,6389.716,falha,16.390,-57.416,-73.806,21.259,BPFI±eixo,BPFI×24-1·eixo
bpfi_0.3mm,6390.777,normal,-8.190,-69.845,-61.656,20.276,?,?
bpfi_0.3mm,6396.665,falha,7.473,-69.709,-77.182,10.172,?,?
bpfi_0.3mm,6398.392,falha,6.946,-68.451,-75.397,11.045,?,?
bpfi_1.0mm,122.855,falha,9.486,-72.358,-81.844,10.734,?,?
bpfi_1.0mm,124.041,normal,-10.894,-78.666,-67.772,15.542,?,?
bpfi_1.0mm,196.812,normal,-6.330,-78.684,-72.354,12.858,?,?
bpfi_1.0mm,203.427,normal,-11.744,-81.304,-69.560,14.500,?,?
bpfi_1.0mm,211.064,falha,8.243,-70.988,-79.231,13.633,?,?
bpfi_1.0mm,218.052,falha,25.066,-47.707,-72.773,37.082,BPFI±eixo,BPFI×1-1·eixo
bpfi_1.0mm,218.856,falha,9.037,-61.244,-70.281,23.249,?,?
bpfi_1.0mm,230.604,falha,14.809,-62.935,-77.745,21.555,?,?
bpfi_1.0mm,233.163,normal,-10.331,-75.701,-65.370,18.159,?,?
bpfi_1.0mm,248.735,falha,7.727,-70.365,-78.092,14.554,?,?
bpfi_1.0mm,251.014,falha,6.263,-58.113,-64.376,26.859,eixo,eixo×5
bpfi_1.0mm,268.256,falha,18.985,-58.645,-77.630,27.180,BPFI,BPFI×1
bpfi_1.0mm,280.824,falha,12.969,-73.924,-86.893,12.440,?,?
bpfi_1.0mm,301.220,falha,6.997,-58.139,-65.136,28.677,eixo,eixo×6
bpfi_1.0mm,318.457,falha,12.194,-64.664,-76.858,22.053,BPFI±eixo,BPFI×1+1·eixo
bpfi_1.0mm,329.474,normal,-12.209,-85.740,-73.531,10.625,?,?
bpfi_1.0mm,331.026,falha,10.679,-68.875,-79.554,18.252,?,?
bpfi_1.0mm,345.820,normal,-7.693,-80.036,-72.342,13.647,?,?
bpfi_1.0mm,351.422,falha,-8.257,-74.605,-66.348,12.092,eixo,eixo×7
bpfi_1.0mm,365.540,falha,10.108,-63.063,-73.171,23.866,?,?
bpfi_1.0mm,368.661,falha,15.838,-66.749,-82.587,19.749,BPFI±eixo,BPFI×1+2·eixo
bpfi_1.0mm,369.468,falha,8.462,-74.125,-82.587,12.195,?,?
bpfi_1.0mm,385.899,falha,9.084,-74.633,-83.717,11.128,?,?
bpfi_1.0mm,436.099,falha,9.070,-73.785,-82.855,10.936,BPFI±eixo,BPFI×2-2·eixo
bpfi_1.0mm,486.303,falha,29.924,-55.740,-85.664,29.688,BPFI±eixo,BPFI×2-1·eixo
bpfi_1.0mm,536.507,falha,33.674,-49.069,-82.743,33.854,BPFI,BPFI×2
bpfi_1.0mm,538.130,falha,12.120,-66.972,-79.092,15.913,?,?
bpfi_1.0mm,548.314,falha,12.293,-59.176,-71.470,23.605,?,?
bpfi_1.0mm,548.737,normal,10.388,-60.796,-71.185,12.723,?,?
bpfi_1.0mm,586.708,falha,15.175,-61.146,-76.322,17.502,BPFI±eixo,BPFI×2+1·eixo
bpfi_1.0mm,636.913,falha,27.941,-51.370,-79.311,28.609,BPFI±eixo,BPFI×2+2·eixo
bpfi_1.0mm,654.157,falha,14.177,-53.370,-67.547,24.971,?,?
bpfi_1.0mm,665.142,falha,8.789,-66.358,-75.147,12.695,?,?
bpfi_1.0mm,685.550,falha,8.584,-70.965,-79.548,10.021,?,?
bpfi_1.0mm,687.118,falha,18.460,-55.735,-74.195,25.250,?,?
bpfi_1.0mm,692.527,falha,6.909,-70.384,-77.293,10.439,?,?
bpfi_1.0mm,704.356,falha,21.015,-53.783,-74.798,26.025,BPFI±eixo,BPFI×3-2·eixo
bpfi_1.0mm,705.942,falha,9.526,-67.740,-77.266,12.341,?,?
bpfi_1.0mm,715.951,falha,6.658,-65.949,-72.607,14.132,?,?
bpfi_1.0mm,718.551,falha,7.512,-70.334,-77.846,10.250,?,?
bpfi_1.0mm,725.087,normal,-9.251,-75.806,-66.556,12.120,?,?
bpfi_1.0mm,731.651,normal,-17.424,-80.322,-62.899,18.471,?,?
bpfi_1.0mm,734.313,falha,10.749,-71.093,-81.843,11.070,?,?
bpfi_1.0mm,737.327,falha,19.027,-66.914,-85.941,15.450,?,?
bpfi_1.0mm,754.559,falha,46.829,-31.731,-78.560,50.962,BPFI±eixo,BPFI×3-1·eixo
bpfi_1.0mm,765.547,falha,11.406,-70.045,-81.451,13.586,?,?
bpfi_1.0mm,774.958,falha,12.559,-66.553,-79.112,17.379,?,?
bpfi_1.0mm,787.527,falha,10.051,-66.431,-76.481,14.539,?,?
bpfi_1.0mm,804.763,falha,52.575,-24.054,-76.629,54.103,BPFI,BPFI×3
bpfi_1.0mm,821.993,falha,18.983,-61.065,-80.048,19.080,?,?
bpfi_1.0mm,825.156,falha,11.478,-69.033,-80.511,10.546,?,?
bpfi_1.0mm,835.204,falha,18.151,-58.122,-76.274,22.060,?,?
bpfi_1.0mm,837.729,falha,14.387,-65.343,-79.730,14.839,?,?
bpfi_1.0mm,854.966,falha,50.701,-31.072,-81.774,49.148,BPFI±eixo,BPFI×3+1·eixo
bpfi_1.0mm,864.376,falha,13.973,-64.121,-78.093,15.790,?,?
bpfi_1.0mm,872.205,falha,7.132,-56.377,-63.509,25.276,?,?
bpfi_1.0mm,884.784,falha,11.950,-67.974,-79.924,13.035,?,?
bpfi_1.0mm,887.931,falha,11.378,-70.226,-81.604,10.829,?,?
bpfi_1.0mm,894.186,falha,26.654,-55.192,-81.846,24.591,?,?
bpfi_1.0mm,903.588,falha,12.808,-66.842,-79.650,13.359,eixo,eixo×18
bpfi_1.0mm,904.426,falha,23.304,-59.637,-82.941,20.630,?,?
bpfi_1.0mm,905.168,falha,34.306,-48.635,-82.941,31.777,BPFI±eixo,BPFI×3+2·eixo
bpfi_1.0mm,907.027,falha,11.918,-70.509,-82.427,10.348,?,?
bpfi_1.0mm,907.858,normal,-8.722,-80.857,-72.135,10.758,?,?
bpfi_1.0mm,912.001,normal,-10.584,-80.931,-70.346,12.624,?,?
bpfi_1.0mm,914.560,normal,-13.302,-77.930,-64.628,18.481,?,?
bpfi_1.0mm,915.415,normal,-10.743,-77.930,-67.187,15.946,?,?
bpfi_1.0mm,917.899,falha,12.466,-71.041,-83.506,11.366,?,?
bpfi_1.0mm,922.401,falha,24.259,-51.550,-75.810,30.329,?,?
bpfi_1.0mm,923.990,falha,23.356,-59.753,-83.109,22.180,?,?
bpfi_1.0mm,954.596,falha,19.426,-59.601,-79.027,23.422,?,?
bpfi_1.0mm,955.365,falha,16.981,-62.582,-79.562,20.526,?,?
bpfi_1.0mm,957.247,falha,7.969,-66.317,-74.287,16.953,?,?
bpfi_1.0mm,970.740,falha,10.319,-69.777,-80.096,14.767,?,?
bpfi_1.0mm,972.606,falha,27.493,-54.597,-82.090,29.916,BPFI±eixo,BPFI×4-2·eixo
bpfi_1.0mm,974.957,falha,10.156,-72.982,-83.138,11.531,?,?
bpfi_1.0mm,983.600,falha,13.844,-66.430,-80.274,16.495,?,?
bpfi_1.0mm,1005.575,falha,20.485,-62.986,-83.470,19.465,?,?
bpfi_1.0mm,1007.441,falha,13.052,-70.148,-83.200,12.463,?,?
bpfi_1.0mm,1013.407,falha,12.204,-69.458,-81.662,12.134,?,?
bpfi_1.0mm,1020.950,falha,13.910,-67.651,-81.561,14.540,?,?
bpfi_1.0mm,1022.807,falha,35.158,-47.127,-82.285,34.647,BPFI±eixo,BPFI×4-1·eixo
bpfi_1.0mm,1040.040,falha,8.626,-70.248,-78.874,11.005,?,?
bpfi_1.0mm,1043.208,falha,16.359,-63.245,-79.604,17.569,?,?
bpfi_1.0mm,1055.777,falha,16.765,-64.700,-81.466,15.361,?,?
bpfi_1.0mm,1057.645,falha,17.737,-63.400,-81.138,16.866,?,?
bpfi_1.0mm,1061.178,falha,14.806,-68.157,-82.962,11.504,?,?
bpfi_1.0mm,1073.013,falha,40.134,-29.055,-69.190,50.703,BPFI,BPFI×4
bpfi_1.0mm,1075.515,normal,-6.429,-75.634,-69.206,13.185,?,?
bpfi_1.0mm,1090.258,falha,8.414,-59.827,-68.242,19.845,?,?
bpfi_1.0mm,1098.493,normal,-16.491,-78.310,-61.819,19.790,?,?
bpfi_1.0mm,1102.833,falha,15.374,-63.200,-78.575,15.486,?,?
bpfi_1.0mm,1107.846,falha,14.044,-67.087,-81.132,11.911,?,?
bpfi_1.0mm,1123.215,falha,36.514,-42.386,-78.900,33.869,BPFI±eixo,BPFI×4+1·eixo
bpfi_1.0mm,1126.885,normal,-10.624,-75.432,-64.808,15.517,?,?
bpfi_1.0mm,1132.620,falha,14.105,-65.344,-79.449,10.358,?,?
bpfi_1.0mm,1138.591,falha,14.886,-60.147,-75.033,16.233,?,?
bpfi_1.0mm,1140.450,falha,19.900,-53.202,-73.102,23.103,?,?
bpfi_1.0mm,1151.142,falha,14.382,-63.934,-78.316,13.174,?,?
bpfi_1.0mm,1162.432,falha,12.698,-59.596,-72.294,17.904,?,?
bpfi_1.0mm,1173.421,falha,35.239,-46.076,-81.315,32.524,BPFI±eixo,BPFI×4+2·eixo
bpfi_1.0mm,1175.293,falha,11.052,-67.463,-78.515,11.344,?,?
bpfi_1.0mm,1187.464,normal,-6.302,-73.981,-67.679,13.178,?,?
bpfi_1.0mm,1188.794,falha,20.768,-59.207,-79.975,19.752,?,?
bpfi_1.0mm,1190.655,falha,13.091,-50.115,-63.205,28.837,?,?
bpfi_1.0mm,1193.144,falha,10.161,-59.496,-69.657,19.238,?,?
bpfi_1.0mm,1201.633,falha,16.813,-65.367,-82.180,12.919,?,?
bpfi_1.0mm,1212.636,falha,10.901,-65.864,-76.765,13.388,motor,motor×50
bpfi_1.0mm,1213.577,falha,12.488,-68.425,-80.913,10.699,?,?
bpfi_1.0mm,1222.040,falha,23.395,-58.974,-82.369,20.441,?,?
bpfi_1.0mm,1225.484,falha,16.706,-65.673,-82.379,13.838,?,?
bpfi_1.0mm,1228.974,falha,14.028,-67.053,-81.081,12.362,?,?
bpfi_1.0mm,1238.997,falha,26.006,-55.784,-81.791,22.032,?,?
bpfi_1.0mm,1240.861,falha,33.056,-40.198,-73.255,37.298,BPFI±eixo,BPFI×5-2·eixo
bpfi_1.0mm,1242.540,falha,20.034,-62.416,-82.450,14.921,?,?
bpfi_1.0mm,1251.861,falha,18.883,-62.898,-81.781,13.486,?,?
bpfi_1.0mm,1261.269,falha,20.189,-57.434,-77.623,18.905,?,?
bpfi_1.0mm,1262.841,falha,15.147,-66.272,-81.419,10.112,?,?
bpfi_1.0mm,1272.253,falha,20.896,-51.884,-72.781,24.499,?,?
bpfi_1.0mm,1273.826,falha,33.843,-45.612,-79.455,30.975,?,?
bpfi_1.0mm,1275.692,falha,22.338,-59.222,-81.560,17.319,?,?
bpfi_1.0mm,1279.392,falha,23.049,-59.537,-82.586,14.875,?,?
bpfi_1.0mm,1280.386,normal,-6.115,-72.232,-66.117,14.892,?,?
bpfi_1.0mm,1284.402,normal,-8.145,-74.691,-66.546,14.571,?,?
bpfi_1.0mm,1291.064,falha,47.701,-19.508,-67.209,54.402,BPFI±eixo,BPFI×5-1·eixo
bpfi_1.0mm,1292.582,falha,18.585,-58.252,-76.837,15.777,?,?
bpfi_1.0mm,1295.094,falha,13.158,-62.971,-76.129,11.364,?,?
bpfi_1.0mm,1302.056,falha,12.023,-54.333,-66.356,21.089,?,?
bpfi_1.0mm,1308.300,falha,-7.069,-64.014,-56.945,12.924,?,?
bpfi_1.0mm,1320.889,falha,12.360,-63.351,-75.711,13.337,?,?
bpfi_1.0mm,1322.468,falha,14.793,-64.674,-79.467,12.231,?,?
bpfi_1.0mm,1324.030,falha,23.711,-56.879,-80.590,20.025,?,?
bpfi_1.0mm,1341.267,falha,33.074,-38.785,-71.859,38.307,BPFI,BPFI×5
bpfi_1.0mm,1343.000,falha,11.457,-64.011,-75.468,13.081,?,?
bpfi_1.0mm,1361.666,falha,16.323,-61.810,-78.133,15.610,?,?
bpfi_1.0mm,1365.385,normal,-9.783,-75.982,-66.199,11.911,?,?
bpfi_1.0mm,1374.239,falha,8.112,-62.441,-70.553,14.428,?,?
bpfi_1.0mm,1377.345,falha,10.271,-66.419,-76.690,10.172,?,?
bpfi_1.0mm,1382.482,normal,-7.254,-73.579,-66.325,11.357,?,?
bpfi_1.0mm,1391.471,falha,48.995,-28.614,-77.609,46.018,BPFI±eixo,BPFI×5+1·eixo
bpfi_1.0mm,1393.655,normal,-6.358,-66.744,-60.386,18.118,?,?
bpfi_1.0mm,1403.970,falha,9.603,-54.832,-64.435,18.846,?,?
bpfi_1.0mm,1406.846,falha,20.187,-56.958,-77.145,17.264,?,?
bpfi_1.0mm,1408.703,falha,12.563,-55.351,-67.914,18.711,?,?
bpfi_1.0mm,1421.297,falha,17.019,-59.249,-76.268,13.962,?,?
bpfi_1.0mm,1429.931,falha,-12.704,-58.412,-45.709,14.687,?,?
bpfi_1.0mm,1431.800,falha,7.803,-60.783,-68.585,12.005,?,?
bpfi_1.0mm,1440.091,falha,9.052,-60.621,-69.673,11.786,?,?
bpfi_1.0mm,1441.673,falha,29.184,-32.589,-61.773,38.865,BPFI±eixo,BPFI×5+2·eixo
bpfi_1.0mm,1452.220,falha,10.572,-60.127,-70.699,11.367,?,?
bpfi_1.0mm,1458.908,falha,20.305,-53.804,-74.109,18.871,?,?
bpfi_1.0mm,1463.291,normal,-8.883,-71.898,-63.015,12.241,?,?
bpfi_1.0mm,1464.658,normal,-10.613,-69.856,-59.243,16.520,?,?
bpfi_1.0mm,1466.152,normal,-11.396,-69.688,-58.292,17.664,?,?
bpfi_1.0mm,1469.900,falha,18.888,-57.274,-76.163,15.269,?,?
bpfi_1.0mm,1480.893,falha,23.172,-55.498,-78.669,17.469,?,?
bpfi_1.0mm,1491.877,falha,24.551,-46.583,-71.134,28.286,?,?
bpfi_1.0mm,1502.506,normal,-8.471,-74.788,-66.318,15.196,?,?
bpfi_1.0mm,1504.376,falha,6.876,-59.804,-66.679,18.112,?,?
bpfi_1.0mm,1509.111,falha,23.793,-49.878,-73.671,28.593,BPFI±eixo,BPFI×6-2·eixo
bpfi_1.0mm,1510.697,falha,19.518,-64.047,-83.564,14.627,?,?
bpfi_1.0mm,1520.105,falha,19.901,-62.286,-82.187,15.976,?,?
bpfi_1.0mm,1529.520,falha,11.093,-69.169,-80.263,10.552,?,?
bpfi_1.0mm,1538.874,normal,-6.488,-76.421,-69.933,12.854,?,?
bpfi_1.0mm,1540.502,falha,11.628,-62.946,-74.574,17.300,?,?
bpfi_1.0mm,1542.081,falha,18.000,-59.422,-77.422,20.893,?,?
bpfi_1.0mm,1559.313,falha,45.689,-36.467,-82.155,42.666,BPFI±eixo,BPFI×6-1·eixo
bpfi_1.0mm,1563.095,normal,-11.651,-78.179,-66.528,16.721,?,?
bpfi_1.0mm,1579.721,falha,8.689,-64.932,-73.620,14.885,?,?
bpfi_1.0mm,1609.519,falha,41.750,-33.520,-75.269,44.261,BPFI,BPFI×6
bpfi_1.0mm,1616.214,falha,16.240,-57.589,-73.828,20.192,?,?
bpfi_1.0mm,1629.934,falha,16.907,-66.218,-83.125,11.065,?,?
bpfi_1.0mm,1634.148,normal,-9.941,-75.457,-65.515,17.030,?,?
bpfi_1.0mm,1642.164,falha,29.517,-54.865,-84.382,21.176,?,?
bpfi_1.0mm,1644.926,falha,22.275,-62.907,-85.182,12.827,?,?
bpfi_1.0mm,1654.323,normal,-10.391,-75.445,-65.054,17.742,?,?
bpfi_1.0mm,1659.722,falha,41.323,-37.861,-79.184,35.507,BPFI±eixo,BPFI×6+1·eixo
bpfi_1.0mm,1662.434,falha,16.406,-57.793,-74.199,15.504,?,?
bpfi_1.0mm,1676.958,falha,24.334,-56.897,-81.230,16.639,?,?
bpfi_1.0mm,1678.540,falha,25.239,-58.353,-83.592,15.176,?,?
bpfi_1.0mm,1687.336,normal,-6.502,-72.749,-66.247,16.401,?,?
bpfi_1.0mm,1690.808,falha,20.464,-61.723,-82.187,12.525,?,?
bpfi_1.0mm,1708.358,falha,15.140,-59.540,-74.680,15.051,?,?
bpfi_1.0mm,1709.921,falha,37.919,-40.462,-78.380,34.167,BPFI±eixo,BPFI×6+2·eixo
bpfi_1.0mm,1727.153,falha,19.803,-61.999,-81.801,14.344,?,?
bpfi_1.0mm,1738.143,falha,13.761,-64.410,-78.171,12.055,?,?
bpfi_1.0mm,1758.553,falha,11.947,-66.360,-78.307,12.371,?,?
bpfi_1.0mm,1760.127,falha,21.890,-56.819,-78.709,22.072,?,?
bpfi_1.0mm,1777.360,falha,31.042,-48.592,-79.634,30.182,BPFI±eixo,BPFI×7-2·eixo
bpfi_1.0mm,1788.358,falha,10.382,-66.789,-77.170,11.985,?,?
bpfi_1.0mm,1810.328,falha,19.034,-58.575,-77.609,19.684,?,?
bpfi_1.0mm,1817.717,falha,-6.588,-66.435,-59.847,10.544,?,?
bpfi_1.0mm,1822.787,normal,-10.097,-73.966,-63.869,12.101,?,?
bpfi_1.0mm,1825.758,falha,12.393,-63.402,-75.795,13.645,?,?
bpfi_1.0mm,1827.568,falha,43.777,-31.731,-75.509,44.905,BPFI±eixo,BPFI×7-1·eixo
bpfi_1.0mm,1830.834,normal,-19.272,-77.218,-57.946,17.591,?,?
bpfi_1.0mm,1836.522,normal,-15.694,-76.237,-60.543,16.162,?,?
bpfi_1.0mm,1844.808,falha,12.467,-65.964,-78.431,11.748,?,?
bpfi_1.0mm,1853.916,normal,-8.628,-75.339,-66.711,10.796,?,?
bpfi_1.0mm,1857.420,falha,6.326,-63.035,-69.360,15.541,eixo,eixo×37
bpfi_1.0mm,1860.534,falha,13.347,-62.998,-76.345,15.590,?,?
bpfi_1.0mm,1871.042,normal,-11.482,-77.767,-66.285,11.734,?,?
bpfi_1.0mm,1877.766,falha,40.246,-35.865,-76.111,42.084,BPFI,BPFI×7
bpfi_1.0mm,1888.694,falha,11.140,-60.232,-71.372,16.920,?,?
bpfi_1.0mm,1890.259,normal,-6.152,-70.423,-64.270,12.171,?,?
bpfi_1.0mm,1916.987,falha,14.239,-58.239,-72.478,17.679,?,?
bpfi_1.0mm,1926.216,falha,10.454,-62.451,-72.905,12.059,?,?
bpfi_1.0mm,1927.973,falha,40.409,-30.617,-71.027,43.532,BPFI±eixo,BPFI×7+1·eixo
bpfi_1.0mm,1929.437,falha,14.767,-60.901,-75.668,13.248,?,?
bpfi_1.0mm,1933.699,falha,10.022,-63.428,-73.450,10.073,?,?
bpfi_1.0mm,1942.656,normal,-8.644,-73.597,-64.954,10.928,?,?
bpfi_1.0mm,1945.202,falha,18.752,-57.116,-75.869,15.968,?,?
bpfi_1.0mm,1946.794,falha,9.808,-57.217,-67.025,15.793,?,?
bpfi_1.0mm,1957.935,falha,7.590,-55.240,-62.830,16.918,eixo,eixo×39
bpfi_1.0mm,1967.206,falha,11.402,-58.454,-69.856,12.959,?,?
bpfi_1.0mm,1976.586,falha,14.658,-53.841,-68.499,17.572,?,?
bpfi_1.0mm,1978.179,falha,29.227,-42.370,-71.597,29.078,BPFI±eixo,BPFI×7+2·eixo
bpfi_1.0mm,1995.409,falha,20.060,-49.954,-70.014,21.632,?,?
bpfi_1.0mm,2006.408,falha,9.024,-56.238,-65.262,14.711,?,?
bpfi_1.0mm,2008.140,falha,-7.549,-54.177,-46.628,16.926,eixo,eixo×40
bpfi_1.0mm,2013.920,normal,-13.198,-66.810,-53.612,20.148,?,?
bpfi_1.0mm,2020.259,falha,11.021,-57.069,-68.090,12.518,?,?
bpfi_1.0mm,2023.724,falha,8.214,-49.019,-57.233,20.223,?,?
bpfi_1.0mm,2028.376,falha,28.640,-49.029,-77.668,19.974,?,?
bpfi_1.0mm,2032.374,falha,6.532,-50.912,-57.444,18.067,?,?
bpfi_1.0mm,2034.106,falha,13.999,-45.979,-59.979,22.599,?,?
bpfi_1.0mm,2035.839,falha,9.393,-46.495,-55.888,21.721,?,?
bpfi_1.0mm,2045.607,falha,28.584,-40.084,-68.668,28.520,BPFI±eixo,BPFI×8-2·eixo
bpfi_1.0mm,2047.229,falha,6.310,-52.741,-59.050,15.912,?,?
bpfi_1.0mm,2047.963,falha,6.230,-51.723,-57.953,16.881,?,?
bpfi_1.0mm,2049.690,falha,11.601,-57.549,-69.149,11.134,?,?
bpfi_1.0mm,2056.614,falha,14.170,-56.672,-70.842,11.393,?,?
bpfi_1.0mm,2058.341,falha,10.645,-44.889,-55.533,23.120,eixo,eixo×41
bpfi_1.0mm,2060.075,falha,12.128,-45.691,-57.819,22.204,?,?
bpfi_1.0mm,2067.603,falha,14.438,-53.037,-67.475,13.312,?,?
bpfi_1.0mm,2072.189,falha,6.003,-50.510,-56.514,14.602,?,?
bpfi_1.0mm,2077.003,falha,17.087,-47.689,-64.776,17.288,?,?
bpfi_1.0mm,2078.577,falha,25.743,-41.351,-67.093,23.627,?,?
bpfi_1.0mm,2082.581,falha,11.954,-51.671,-63.625,13.441,?,?
bpfi_1.0mm,2084.309,falha,8.729,-33.702,-42.431,31.251,?,?
bpfi_1.0mm,2094.740,falha,11.763,-50.696,-62.459,15.111,?,?
bpfi_1.0mm,2095.815,falha,42.415,-22.600,-65.015,43.453,BPFI±eixo,BPFI×8-1·eixo
bpfi_1.0mm,2097.389,falha,12.074,-50.761,-62.835,15.851,?,?
bpfi_1.0mm,2106.819,falha,7.111,-49.272,-56.383,18.131,?,?
bpfi_1.0mm,2108.546,falha,-11.074,-47.794,-36.720,19.902,eixo,eixo×42
bpfi_1.0mm,2113.045,falha,8.289,-56.937,-65.226,11.423,?,?
bpfi_1.0mm,2116.227,falha,15.615,-51.607,-67.222,16.089,?,?
bpfi_1.0mm,2120.478,normal,-17.293,-65.360,-48.067,19.258,?,?
bpfi_1.0mm,2125.644,falha,7.951,-50.520,-58.471,17.900,?,?
bpfi_1.0mm,2127.247,falha,20.290,-48.024,-68.314,20.865,?,?
bpfi_1.0mm,2128.786,falha,20.512,-47.313,-67.825,22.036,?,?
bpfi_1.0mm,2132.781,falha,-9.066,-48.108,-39.041,20.295,?,?
bpfi_1.0mm,2136.599,falha,12.765,-56.237,-69.002,11.106,?,?
bpfi_1.0mm,2144.379,falha,-12.639,-52.123,-39.483,15.744,?,?
bpfi_1.0mm,2144.926,falha,-7.582,-47.065,-39.483,20.525,?,?
bpfi_1.0mm,2146.018,falha,45.444,-18.283,-63.727,49.252,BPFI,BPFI×8
bpfi_1.0mm,2147.690,falha,15.007,-52.735,-67.742,15.064,?,?
bpfi_1.0mm,2155.415,falha,13.069,-51.416,-64.485,12.214,?,?
bpfi_1.0mm,2158.750,falha,-6.912,-43.095,-36.183,20.395,eixo,eixo×43
bpfi_1.0mm,2163.253,falha,19.617,-46.639,-66.256,17.083,?,?
bpfi_1.0mm,2164.736,falha,15.819,-51.315,-67.133,11.852,?,?
bpfi_1.0mm,2165.909,normal,7.054,-49.823,-56.877,10.256,?,?
bpfi_1.0mm,2166.428,falha,11.208,-46.033,-57.242,16.430,?,?
bpfi_1.0mm,2168.107,falha,22.374,-42.357,-64.730,20.730,?,?
bpfi_1.0mm,2175.848,falha,21.437,-43.905,-65.342,17.249,?,?
bpfi_1.0mm,2185.232,falha,18.334,-41.455,-59.789,20.887,?,?
bpfi_1.0mm,2186.818,falha,19.618,-47.504,-67.122,13.625,?,?
bpfi_1.0mm,2193.184,normal,-8.586,-57.186,-48.600,19.075,?,?
bpfi_1.0mm,2196.223,falha,46.937,-12.618,-59.555,49.136,BPFI±eixo,BPFI×8+1·eixo
bpfi_1.0mm,2197.000,normal,24.750,-26.687,-51.437,16.764,?,?
bpfi_1.0mm,2205.629,falha,6.821,-46.723,-53.545,13.635,?,?
bpfi_1.0mm,2207.209,falha,8.261,-47.590,-55.851,12.965,?,?
bpfi_1.0mm,2213.453,falha,37.535,-32.939,-70.475,27.495,?,?
bpfi_1.0mm,2215.050,falha,30.567,-36.738,-67.305,23.301,?,?
bpfi_1.0mm,2216.628,falha,26.137,-41.427,-67.565,17.606,?,?
bpfi_1.0mm,2224.461,falha,17.905,-45.587,-63.491,10.674,?,?
bpfi_1.0mm,2226.050,falha,27.852,-39.560,-67.412,17.206,?,?
bpfi_1.0mm,2233.190,falha,7.990,-39.219,-47.208,18.651,?,?
bpfi_1.0mm,2234.724,normal,9.850,-41.447,-51.297,16.115,?,?
bpfi_1.0mm,2235.440,falha,24.284,-34.791,-59.075,21.652,?,?
bpfi_1.0mm,2241.843,falha,8.836,-47.840,-56.676,10.072,?,?
bpfi_1.0mm,2244.855,falha,12.973,-35.484,-48.457,21.745,?,?
bpfi_1.0mm,2246.427,falha,48.947,-9.977,-58.924,47.935,BPFI±eixo,BPFI×8+2·eixo
bpfi_1.0mm,2255.832,falha,18.714,-44.634,-63.349,12.196,?,?
bpfi_1.0mm,2257.423,falha,10.567,-44.041,-54.608,14.017,?,?
bpfi_1.0mm,2263.657,falha,34.237,-31.536,-65.773,28.578,?,?
bpfi_1.0mm,2265.244,falha,32.413,-37.660,-70.074,23.001,?,?
bpfi_1.0mm,2274.097,normal,13.682,-44.939,-58.621,14.387,?,?
bpfi_1.0mm,2274.653,falha,19.531,-40.451,-59.982,21.445,?,?
bpfi_1.0mm,2276.261,falha,25.078,-46.550,-71.628,15.764,?,?
bpfi_1.0mm,2284.060,falha,23.978,-51.869,-75.847,13.661,?,?
bpfi_1.0mm,2285.645,falha,18.123,-46.195,-64.318,19.269,?,?
bpfi_1.0mm,2287.332,falha,19.948,-54.629,-74.577,11.312,?,?
bpfi_1.0mm,2295.047,falha,19.542,-44.942,-64.483,22.243,?,?
bpfi_1.0mm,2296.628,falha,35.987,-35.259,-71.247,31.990,?,?
bpfi_1.0mm,2301.051,normal,-8.777,-70.482,-61.705,11.691,?,?
bpfi_1.0mm,2304.461,falha,15.274,-53.636,-68.910,13.181,?,?
bpfi_1.0mm,2306.016,falha,14.363,-56.269,-70.632,10.542,?,?
bpfi_1.0mm,2313.862,falha,40.094,-25.555,-65.649,43.186,BPFI±eixo,BPFI×9-2·eixo
bpfi_1.0mm,2315.452,falha,22.946,-47.317,-70.263,21.862,?,?
bpfi_1.0mm,2324.863,falha,21.723,-47.652,-69.375,22.371,?,?
bpfi_1.0mm,2333.393,normal,-11.249,-68.672,-57.423,13.894,?,?
bpfi_1.0mm,2334.274,falha,15.525,-55.159,-70.684,15.496,?,?
bpfi_1.0mm,2335.848,falha,19.049,-52.122,-71.171,18.462,?,?
bpfi_1.0mm,2340.218,normal,-6.051,-65.261,-59.210,11.961,?,?
bpfi_1.0mm,2345.263,falha,9.738,-51.361,-61.099,20.553,?,?
bpfi_1.0mm,2346.832,falha,22.023,-47.035,-69.058,25.186,?,?
bpfi_1.0mm,2354.654,falha,6.314,-58.264,-64.578,13.567,?,?
bpfi_1.0mm,2359.355,normal,-9.433,-69.543,-60.110,12.128,eixo,eixo×47
bpfi_1.0mm,2364.068,falha,39.149,-25.804,-64.954,46.322,BPFI±eixo,BPFI×9-1·eixo
bpfi_1.0mm,2364.732,normal,31.192,-28.649,-59.840,14.316,?,?
bpfi_1.0mm,2365.843,falha,23.431,-51.972,-75.403,20.193,?,?
bpfi_1.0mm,2375.082,falha,18.175,-53.180,-71.355,18.612,?,?
bpfi_1.0mm,2384.481,falha,16.424,-56.108,-72.532,15.684,?,?
bpfi_1.0mm,2386.310,falha,20.180,-55.292,-75.471,16.713,?,?
bpfi_1.0mm,2393.919,falha,17.705,-56.976,-74.681,14.619,?,?
bpfi_1.0mm,2395.455,falha,17.278,-56.133,-73.411,14.497,?,?
bpfi_1.0mm,2397.037,falha,19.973,-54.282,-74.255,17.511,?,?
bpfi_1.0mm,2406.730,falha,20.813,-54.544,-75.356,17.019,?,?
bpfi_1.0mm,2409.554,normal,-8.701,-69.364,-60.663,14.456,eixo,eixo×48
bpfi_1.0mm,2411.353,normal,-10.408,-72.824,-62.415,12.684,?,?
bpfi_1.0mm,2414.270,falha,44.701,-30.132,-74.833,42.108,BPFI,BPFI×9
bpfi_1.0mm,2423.662,falha,13.103,-60.227,-73.330,12.589,?,?
bpfi_1.0mm,2425.275,falha,17.306,-58.217,-75.523,14.919,?,?
bpfi_1.0mm,2433.081,falha,15.508,-62.354,-77.862,11.810,?,?
bpfi_1.0mm,2434.682,falha,13.303,-63.686,-76.989,10.593,?,?
bpfi_1.0mm,2438.518,falha,10.865,-65.005,-75.870,10.244,?,?
bpfi_1.0mm,2444.156,falha,12.343,-61.716,-74.058,13.212,?,?
bpfi_1.0mm,2453.491,falha,21.464,-54.173,-75.637,21.147,?,?
bpfi_1.0mm,2461.626,normal,-11.849,-75.048,-63.199,12.586,?,?
bpfi_1.0mm,2464.488,falha,17.748,-51.091,-68.839,23.559,BPFI±eixo,BPFI×9+1·eixo
bpfi_1.0mm,2481.699,falha,11.119,-51.561,-62.680,22.546,?,?
bpfi_1.0mm,2483.287,falha,21.400,-52.206,-73.606,21.773,?,?
bpfi_1.0mm,2492.706,falha,12.520,-63.144,-75.664,10.712,?,?
bpfi_1.0mm,2505.599,falha,15.481,-62.682,-78.164,12.089,?,?
bpfi_1.0mm,2510.172,falha,9.155,-60.585,-69.740,14.186,eixo,eixo×50
bpfi_1.0mm,2513.102,falha,18.932,-54.541,-73.473,19.959,?,?
bpfi_1.0mm,2514.678,falha,35.356,-38.880,-74.235,35.246,BPFI±eixo,BPFI×9+2·eixo
bpfi_1.0mm,2521.827,normal,-7.103,-68.896,-61.793,15.785,motor,motor×104
bpfi_1.0mm,2531.885,falha,12.730,-63.011,-75.742,11.634,?,?
bpfi_1.0mm,2534.277,falha,18.868,-60.923,-79.791,13.650,?,?
bpfi_1.0mm,2542.936,falha,18.230,-57.726,-75.956,16.919,?,?
bpfi_1.0mm,2560.772,normal,-7.240,-72.787,-65.547,15.119,?,?
bpfi_1.0mm,2562.194,normal,-15.937,-73.071,-57.134,23.413,?,?
bpfi_1.0mm,2564.883,falha,23.598,-51.672,-75.270,23.754,?,?
bpfi_1.0mm,2569.041,falha,6.039,-64.295,-70.335,10.970,?,?
bpfi_1.0mm,2572.681,falha,13.804,-64.298,-78.102,10.451,?,?
bpfi_1.0mm,2574.736,falha,20.785,-58.644,-79.430,15.802,?,?
bpfi_1.0mm,2581.166,falha,9.018,-59.571,-68.589,13.751,?,?
bpfi_1.0mm,2582.107,falha,28.889,-42.885,-71.774,30.409,BPFI±eixo,BPFI×10-2·eixo
bpfi_1.0mm,2593.266,falha,10.937,-60.808,-71.746,11.594,?,?
bpfi_1.0mm,2595.022,falha,11.546,-60.916,-72.462,11.486,?,?
bpfi_1.0mm,2617.509,falha,6.321,-58.116,-64.437,13.526,?,?
bpfi_1.0mm,2621.486,normal,-14.947,-71.394,-56.447,15.479,?,?
bpfi_1.0mm,2632.307,falha,32.106,-37.765,-69.870,34.655,BPFI±eixo,BPFI×10-1·eixo
bpfi_1.0mm,2639.996,normal,-9.474,-68.852,-59.378,12.973,?,?
bpfi_1.0mm,2640.696,normal,-15.799,-73.918,-58.120,14.231,?,?
bpfi_1.0mm,2645.289,falha,12.483,-60.896,-73.379,12.191,?,?
bpfi_1.0mm,2653.932,falha,7.857,-62.402,-70.258,10.377,?,?
bpfi_1.0mm,2663.066,normal,-7.495,-71.649,-64.154,10.811,?,?
bpfi_1.0mm,2681.502,normal,-11.360,-72.465,-61.105,14.924,?,?
bpfi_1.0mm,2682.511,falha,23.147,-49.000,-72.147,27.259,BPFI,BPFI×10
bpfi_1.0mm,2683.213,normal,11.706,-53.721,-65.427,10.831,?,?
bpfi_1.0mm,2690.215,falha,9.442,-63.397,-72.840,12.229,?,?
bpfi_1.0mm,2716.672,falha,17.068,-60.144,-77.212,15.801,?,?
bpfi_1.0mm,2721.941,normal,-7.360,-69.255,-61.895,14.634,?,?
bpfi_1.0mm,2732.710,falha,29.090,-45.124,-74.214,30.666,BPFI±eixo,BPFI×10+1·eixo
bpfi_1.0mm,2738.689,falha,9.417,-62.910,-72.327,13.088,?,?
bpfi_1.0mm,2771.917,falha,12.025,-67.206,-79.232,10.503,?,?
bpfi_1.0mm,2773.838,falha,12.635,-66.980,-79.615,10.778,?,?
bpfi_1.0mm,2781.925,normal,-10.736,-70.251,-59.514,22.052,?,?
bpfi_1.0mm,2782.913,falha,28.879,-44.990,-73.869,33.240,BPFI±eixo,BPFI×10+2·eixo
bpfi_1.0mm,2800.162,falha,22.088,-61.899,-83.987,16.951,?,?
bpfi_1.0mm,2801.747,falha,6.723,-68.393,-75.116,10.150,?,?
bpfi_1.0mm,2811.144,normal,-9.327,-76.125,-66.798,15.902,eixo,eixo×56
bpfi_1.0mm,2831.442,falha,6.017,-67.978,-73.995,10.197,?,?
bpfi_1.0mm,2850.356,falha,32.555,-50.133,-82.688,25.848,BPFI±eixo,BPFI×11-2·eixo
bpfi_1.0mm,2878.134,normal,-7.807,-75.283,-67.476,11.435,?,?
bpfi_1.0mm,2883.322,falha,-6.677,-62.899,-56.221,11.973,?,?
bpfi_1.0mm,2900.560,falha,31.131,-48.856,-79.987,26.106,BPFI±eixo,BPFI×11-1·eixo
bpfi_1.0mm,2908.341,falha,-7.895,-52.870,-44.975,21.176,?,?
bpfi_1.0mm,2911.754,falha,14.487,-61.220,-75.706,12.560,eixo,eixo×58
bpfi_1.0mm,2925.340,normal,-6.535,-73.344,-66.808,13.170,?,?
bpfi_1.0mm,2939.641,falha,17.556,-61.333,-78.889,10.552,?,?
bpfi_1.0mm,2942.790,falha,18.663,-56.711,-75.373,15.020,?,?
bpfi_1.0mm,2950.757,falha,32.596,-44.821,-77.417,27.064,BPFI,BPFI×11
bpfi_1.0mm,2951.710,normal,6.386,-60.291,-66.677,11.041,?,?
bpfi_1.0mm,2952.651,falha,9.936,-54.410,-64.345,17.475,?,?
bpfi_1.0mm,2983.328,falha,16.755,-59.851,-76.606,12.739,?,?
bpfi_1.0mm,3000.966,falha,29.349,-39.664,-69.012,32.714,BPFI±eixo,BPFI×11+1·eixo
bpfi_1.0mm,3013.269,falha,21.840,-56.608,-78.449,14.857,?,?
bpfi_1.0mm,3018.191,falha,21.854,-59.769,-81.624,12.247,?,?
bpfi_1.0mm,3022.070,normal,6.610,-63.493,-70.104,11.619,?,?
bpfi_1.0mm,3043.218,falha,20.696,-62.226,-82.922,10.128,?,?
bpfi_1.0mm,3049.719,falha,16.360,-58.662,-75.022,12.958,?,?
bpfi_1.0mm,3051.165,falha,34.344,-46.434,-80.778,25.134,BPFI±eixo,BPFI×11+2·eixo
bpfi_1.0mm,3052.076,normal,11.595,-60.676,-72.271,11.774,?,?
bpfi_1.0mm,3053.492,normal,8.878,-63.582,-72.460,11.585,?,?
bpfi_1.0mm,3062.411,falha,10.043,-56.958,-67.001,14.447,eixo,eixo×61
bpfi_1.0mm,3081.581,falha,19.766,-60.910,-80.675,10.026,?,?
bpfi_1.0mm,3086.378,normal,9.518,-62.775,-72.292,10.383,?,?
bpfi_1.0mm,3089.837,normal,7.942,-63.688,-71.630,11.250,?,?
bpfi_1.0mm,3101.382,falha,24.013,-53.044,-77.057,17.936,?,?
bpfi_1.0mm,3112.619,falha,14.553,-54.018,-68.571,15.664,eixo,eixo×62
bpfi_1.0mm,3118.602,falha,28.094,-53.217,-81.311,16.647,BPFI±eixo,BPFI×12-2·eixo
bpfi_1.0mm,3120.170,falha,13.601,-59.325,-72.925,10.357,?,?
bpfi_1.0mm,3122.599,falha,12.003,-55.994,-67.997,13.285,?,?
bpfi_1.0mm,3136.561,normal,10.031,-61.761,-71.792,10.495,?,?
bpfi_1.0mm,3138.306,normal,7.033,-61.485,-68.518,13.604,?,?
bpfi_1.0mm,3146.850,falha,6.869,-58.033,-64.902,12.714,?,?
bpfi_1.0mm,3151.562,falha,20.508,-56.013,-76.521,14.755,?,?
bpfi_1.0mm,3152.145,normal,13.051,-58.506,-71.558,10.995,motor,motor×130
bpfi_1.0mm,3162.817,falha,11.452,-59.162,-70.614,11.713,eixo,eixo×63
bpfi_1.0mm,3168.792,falha,39.608,-46.532,-86.141,24.962,BPFI±eixo,BPFI×12-1·eixo
bpfi_1.0mm,3185.043,normal,9.717,-62.973,-72.690,10.696,?,?
bpfi_1.0mm,3186.771,normal,9.621,-62.581,-72.201,10.679,?,?
bpfi_1.0mm,3201.760,falha,19.251,-58.201,-77.452,12.791,?,?
bpfi_1.0mm,3218.999,falha,40.266,-40.069,-80.335,31.421,BPFI,BPFI×12
bpfi_1.0mm,3243.936,normal,-12.788,-68.113,-55.325,29.253,?,?
bpfi_1.0mm,3247.356,normal,9.816,-64.164,-73.980,10.154,?,?
bpfi_1.0mm,3264.046,falha,26.758,-59.056,-85.814,12.372,?,?
bpfi_1.0mm,3269.197,falha,36.539,-45.738,-82.277,25.969,BPFI±eixo,BPFI×12+1·eixo
bpfi_1.0mm,3271.885,falha,7.427,-60.297,-67.723,11.411,?,?
bpfi_1.0mm,3274.703,normal,-6.371,-70.642,-64.271,18.554,?,?
bpfi_1.0mm,3275.108,normal,-6.160,-70.642,-64.482,18.343,?,?
bpfi_1.0mm,3286.403,falha,16.795,-60.577,-77.372,11.781,?,?
bpfi_1.0mm,3287.158,normal,6.916,-63.875,-70.791,11.920,?,?
bpfi_1.0mm,3319.402,falha,38.288,-42.111,-80.400,30.820,BPFI±eixo,BPFI×12+2·eixo
bpfi_1.0mm,3324.913,falha,19.054,-63.404,-82.458,10.027,?,?
bpfi_1.0mm,3336.612,falha,23.091,-59.332,-82.422,14.410,?,?
bpfi_1.0mm,3341.028,normal,7.514,-64.966,-72.480,10.256,?,?
bpfi_1.0mm,3361.222,falha,20.902,-60.925,-81.827,13.753,?,?
bpfi_1.0mm,3386.799,falha,20.280,-64.124,-84.404,11.284,BPFI±eixo,BPFI×13-2·eixo
bpfi_1.0mm,3413.840,falha,9.057,-63.708,-72.764,11.180,eixo,eixo×68
bpfi_1.0mm,3419.802,falha,15.335,-63.923,-79.258,11.761,?,?
bpfi_1.0mm,3437.020,falha,20.483,-60.807,-81.290,14.626,BPFI±eixo,BPFI×13-1·eixo
bpfi_1.0mm,3487.241,falha,38.690,-43.221,-81.911,31.561,BPFI,BPFI×13
bpfi_1.0mm,3514.249,falha,6.307,-62.714,-69.021,11.597,eixo,eixo×70
bpfi_1.0mm,3537.440,falha,40.799,-43.241,-84.040,32.333,BPFI±eixo,BPFI×13+1·eixo
bpfi_1.0mm,3549.763,falha,14.293,-62.433,-76.726,11.679,?,?
bpfi_1.0mm,3551.994,falha,15.223,-63.611,-78.835,11.213,?,?
bpfi_1.0mm,3554.665,falha,22.267,-60.202,-82.469,13.954,?,?
bpfi_1.0mm,3559.064,falha,23.417,-59.497,-82.914,14.326,?,?
bpfi_1.0mm,3579.479,falha,21.439,-60.106,-81.544,13.717,?,?
bpfi_1.0mm,3586.635,normal,8.723,-62.615,-71.338,10.811,?,?
bpfi_1.0mm,3587.653,falha,39.481,-43.774,-83.254,31.024,BPFI±eixo,BPFI×13+2·eixo
bpfi_1.0mm,3592.452,normal,-9.961,-73.942,-63.981,19.464,?,?
bpfi_1.0mm,3599.872,falha,30.022,-56.193,-86.215,17.749,?,?
bpfi_1.0mm,3604.877,falha,32.019,-50.513,-82.532,24.136,?,?
bpfi_1.0mm,3606.478,falha,16.988,-62.777,-79.765,11.229,?,?
bpfi_1.0mm,3620.280,falha,21.464,-63.782,-85.246,10.760,?,?
bpfi_1.0mm,3636.273,falha,17.708,-63.933,-81.640,11.346,?,?
bpfi_1.0mm,3637.865,falha,21.105,-59.222,-80.327,16.056,?,?
bpfi_1.0mm,3638.569,normal,9.415,-61.144,-70.558,12.595,?,?
bpfi_1.0mm,3640.611,falha,7.616,-65.491,-73.108,10.303,?,?
bpfi_1.0mm,3642.186,normal,-8.479,-75.915,-67.436,15.718,?,?
bpfi_1.0mm,3651.684,normal,-6.012,-75.613,-69.602,13.152,?,?
bpfi_1.0mm,3655.085,falha,26.134,-46.873,-73.007,28.741,BPFI±eixo,BPFI×14-2·eixo
bpfi_1.0mm,3659.539,falha,9.069,-61.346,-70.414,13.340,?,?
bpfi_1.0mm,3664.859,falha,6.524,-60.088,-66.612,14.182,eixo,eixo×73
bpfi_1.0mm,3688.057,falha,14.912,-62.432,-77.344,11.461,?,?
bpfi_1.0mm,3689.831,falha,25.654,-57.485,-83.139,16.850,?,?
bpfi_1.0mm,3690.982,falha,13.741,-63.626,-77.367,10.999,?,?
bpfi_1.0mm,3702.148,normal,-11.238,-78.037,-66.799,15.187,?,?
bpfi_1.0mm,3705.280,falha,32.503,-51.081,-83.584,24.616,BPFI±eixo,BPFI×14-1·eixo
bpfi_1.0mm,3712.423,normal,-6.453,-77.657,-71.203,11.370,?,?
bpfi_1.0mm,3715.047,falha,6.096,-64.610,-70.705,10.380,eixo,eixo×74
bpfi_1.0mm,3732.320,normal,-8.586,-74.302,-65.716,17.024,?,?
bpfi_1.0mm,3738.201,falha,21.164,-61.148,-82.312,14.704,?,?
bpfi_1.0mm,3739.281,falha,9.125,-65.400,-74.525,10.452,?,?
bpfi_1.0mm,3741.020,falha,7.791,-64.992,-72.783,10.776,?,?
bpfi_1.0mm,3755.483,falha,37.233,-46.872,-84.105,29.426,BPFI,BPFI×14
bpfi_1.0mm,3756.282,normal,22.285,-51.008,-73.293,10.470,?,?
bpfi_1.0mm,3758.391,falha,11.382,-65.469,-76.851,10.740,motor,motor×155
bpfi_1.0mm,3762.210,normal,-12.220,-78.219,-65.999,17.372,?,?
bpfi_1.0mm,3764.333,normal,-9.151,-79.990,-70.840,12.524,?,?
bpfi_1.0mm,3777.347,falha,12.949,-66.004,-78.952,10.155,?,?
bpfi_1.0mm,3794.125,normal,-6.200,-73.279,-67.079,15.511,?,?
bpfi_1.0mm,3797.705,falha,24.747,-57.429,-82.175,18.620,?,?
bpfi_1.0mm,3805.664,falha,19.016,-65.502,-84.518,11.073,BPFI±eixo,BPFI×14+1·eixo
bpfi_1.0mm,3813.458,normal,-8.165,-78.955,-70.790,12.583,?,?
bpfi_1.0mm,3818.073,falha,23.510,-60.831,-84.341,16.021,?,?
bpfi_1.0mm,3822.890,falha,21.452,-60.052,-81.505,16.699,?,?
bpfi_1.0mm,3828.977,normal,-6.035,-72.956,-66.920,16.789,?,?
bpfi_1.0mm,3833.341,normal,-13.683,-74.736,-61.053,22.209,?,?
bpfi_1.0mm,3847.913,falha,11.287,-62.356,-73.643,14.852,?,?
bpfi_1.0mm,3853.359,normal,-12.162,-74.475,-62.313,20.004,?,?
bpfi_1.0mm,3855.887,falha,27.368,-56.839,-84.208,20.847,ambiguo,motor×159;BPFI×14+2·eixo
bpfi_1.0mm,3872.311,falha,12.693,-63.972,-76.665,13.793,?,?
bpfi_1.0mm,3873.091,falha,20.206,-54.957,-75.162,22.588,?,?
bpfi_1.0mm,3873.956,normal,7.685,-61.429,-69.115,14.330,?,?
bpfi_1.0mm,3879.517,falha,11.508,-63.275,-74.783,14.053,motor,motor×160
bpfi_1.0mm,3891.639,falha,12.543,-66.428,-78.971,10.157,?,?
bpfi_1.0mm,3898.134,falha,8.788,-64.803,-73.591,10.531,?,?
bpfi_1.0mm,3902.027,falha,7.680,-63.626,-71.306,11.494,?,?
bpfi_1.0mm,3906.085,falha,17.761,-63.934,-81.695,10.894,?,?
bpfi_1.0mm,3912.833,falha,9.037,-62.500,-71.537,11.967,?,?
bpfi_1.0mm,3914.027,normal,-9.673,-75.679,-66.005,15.451,?,?
bpfi_1.0mm,3915.875,falha,10.589,-57.470,-68.058,17.053,eixo,eixo×78
bpfi_1.0mm,3923.307,falha,25.998,-52.254,-78.252,22.814,BPFI±eixo,BPFI×15-2·eixo
bpfi_1.0mm,3924.181,normal,9.752,-58.437,-68.190,13.533,?,?
bpfi_1.0mm,3929.720,falha,13.450,-61.984,-75.434,12.551,?,?
bpfi_1.0mm,3933.140,falha,8.987,-62.059,-71.045,13.560,?,?
bpfi_1.0mm,3934.229,normal,-6.683,-72.685,-66.002,15.332,?,?
bpfi_1.0mm,3940.106,falha,8.618,-63.493,-72.112,12.772,?,?
bpfi_1.0mm,3941.840,falha,10.671,-61.572,-72.243,14.625,?,?
bpfi_1.0mm,3942.416,normal,6.006,-64.668,-70.673,10.426,?,?
bpfi_1.0mm,3957.427,falha,8.642,-64.827,-73.469,11.296,?,?
bpfi_1.0mm,3966.079,falha,7.634,-55.740,-63.374,18.753,eixo,eixo×79
bpfi_1.0mm,3972.425,normal,-7.468,-70.752,-63.284,16.147,?,?
bpfi_1.0mm,3973.510,falha,11.575,-65.145,-76.719,10.127,BPFI±eixo,BPFI×15-1·eixo
bpfi_1.0mm,3976.702,falha,16.645,-61.910,-78.555,13.410,motor,motor×164
bpfi_1.0mm,3979.931,falha,14.697,-57.074,-71.770,17.577,?,?
bpfi_1.0mm,3981.660,falha,14.641,-64.346,-78.987,10.305,?,?
bpfi_1.0mm,3990.318,falha,12.894,-62.542,-75.437,14.092,?,?
bpfi_1.0mm,3992.048,falha,10.753,-62.768,-73.521,13.954,?,?
bpfi_1.0mm,3993.806,falha,9.606,-63.090,-72.695,13.618,?,?
bpfi_1.0mm,3995.135,normal,-6.420,-75.735,-69.314,10.541,?,?
bpfi_1.0mm,4016.272,falha,18.888,-54.953,-73.840,19.786,eixo,eixo×80
bpfi_1.0mm,4023.700,falha,18.472,-54.117,-72.589,19.964,BPFI,BPFI×15
bpfi_1.0mm,4030.130,falha,6.434,-61.044,-67.478,12.258,?,?
bpfi_1.0mm,4036.316,falha,20.870,-58.169,-79.039,16.022,?,?
bpfi_1.0mm,4040.508,falha,9.205,-61.442,-70.647,12.298,?,?
bpfi_1.0mm,4073.905,falha,26.588,-52.518,-79.106,20.201,ambiguo,motor×168;BPFI×15+1·eixo
bpfi_1.0mm,4077.030,falha,15.302,-59.613,-74.914,12.826,?,?
bpfi_1.0mm,4081.702,normal,-10.124,-67.926,-57.802,19.193,?,?
bpfi_1.0mm,4092.454,falha,7.965,-44.614,-52.579,27.516,?,?
bpfi_1.0mm,4093.818,normal,-12.872,-67.826,-54.955,22.113,?,?
bpfi_1.0mm,4116.688,falha,6.994,-40.860,-47.853,31.393,eixo,eixo×82
bpfi_1.0mm,4118.407,falha,-8.217,-61.955,-53.738,10.537,?,?
bpfi_1.0mm,4124.101,falha,17.203,-59.586,-76.789,12.760,BPFI±eixo,BPFI×15+2·eixo
bpfi_1.0mm,4140.924,falha,8.544,-46.127,-54.671,25.799,?,?
bpfi_1.0mm,4165.158,falha,6.770,-53.916,-60.687,18.220,?,?
bpfi_1.0mm,4166.891,falha,-7.523,-47.214,-39.691,24.923,eixo,eixo×83
bpfi_1.0mm,4168.625,falha,6.026,-52.652,-58.678,19.488,?,?
bpfi_1.0mm,4174.313,falha,19.045,-59.395,-78.441,12.741,?,?
bpfi_1.0mm,4180.742,falha,6.318,-48.009,-54.327,23.651,?,?
bpfi_1.0mm,4189.400,falha,7.611,-59.062,-66.673,12.982,?,?
bpfi_1.0mm,4191.124,falha,-6.267,-52.831,-46.564,19.108,?,?
bpfi_1.0mm,4192.860,falha,14.611,-42.500,-57.112,29.469,?,?
bpfi_1.0mm,4196.413,normal,-6.517,-69.921,-63.404,14.672,?,?
bpfi_1.0mm,4201.516,falha,12.084,-59.154,-71.238,12.911,?,?
bpfi_1.0mm,4204.605,normal,-11.184,-71.593,-60.409,18.356,?,?
bpfi_1.0mm,4217.094,falha,15.979,-37.855,-53.834,33.938,eixo,eixo×84
bpfi_1.0mm,4224.539,falha,22.402,-58.751,-81.153,12.992,?,?
bpfi_1.0mm,4225.379,normal,6.520,-61.992,-68.512,10.477,?,?
bpfi_1.0mm,4229.212,falha,10.659,-52.431,-63.090,19.270,?,?
bpfi_1.0mm,4232.678,falha,8.144,-59.504,-67.648,11.987,?,?
bpfi_1.0mm,4241.336,falha,15.409,-42.655,-58.064,29.252,?,?
bpfi_1.0mm,4253.448,falha,7.021,-49.637,-56.659,21.615,?,?
bpfi_1.0mm,4262.103,falha,10.100,-59.788,-69.888,11.320,?,?
bpfi_1.0mm,4265.563,falha,11.179,-53.688,-64.867,17.148,?,?
bpfi_1.0mm,4274.999,falha,12.559,-61.580,-74.138,10.076,?,?
bpfi_1.0mm,4275.574,normal,6.857,-63.248,-70.105,10.393,?,?
bpfi_1.0mm,4289.786,falha,6.016,-59.576,-65.592,11.570,?,?
bpfi_1.0mm,4296.862,normal,-7.105,-71.357,-64.252,14.245,?,?
bpfi_1.0mm,4301.923,falha,15.535,-54.428,-69.963,16.080,?,?
bpfi_1.0mm,4314.036,falha,13.722,-55.986,-69.708,14.984,?,?
bpfi_1.0mm,4315.771,falha,7.901,-55.569,-63.469,15.403,?,?
bpfi_1.0mm,4326.164,falha,11.796,-56.945,-68.741,14.358,?,?
bpfi_1.0mm,4329.634,falha,11.138,-61.252,-72.390,10.051,?,?
bpfi_1.0mm,4330.965,normal,-8.173,-69.245,-61.072,19.297,?,?
bpfi_1.0mm,4342.142,falha,17.878,-47.360,-65.238,23.951,BPFI±eixo,BPFI×16+1·eixo
bpfi_1.0mm,4342.977,normal,6.956,-50.825,-57.781,21.772,?,?
bpfi_1.0mm,4352.133,falha,9.334,-59.634,-68.968,11.041,?,?
bpfi_1.0mm,4365.970,falha,15.155,-55.953,-71.108,14.995,?,?
bpfi_1.0mm,4376.366,falha,6.038,-58.666,-64.704,13.448,?,?
bpfi_1.0mm,4390.147,falha,11.070,-56.989,-68.059,14.946,?,?
bpfi_1.0mm,4391.552,normal,9.100,-53.196,-62.297,17.766,?,?
bpfi_1.0mm,4392.371,falha,34.264,-45.786,-80.051,26.159,BPFI±eixo,BPFI×16+2·eixo
bpfi_1.0mm,4393.276,normal,11.918,-53.159,-65.076,15.627,?,?
bpfi_1.0mm,4397.949,normal,-6.386,-72.515,-66.129,14.575,?,?
bpfi_1.0mm,4402.901,normal,-12.179,-68.148,-55.970,24.065,?,?
bpfi_1.0mm,4404.066,falha,8.299,-60.803,-69.101,10.897,?,?
bpfi_1.0mm,4409.593,falha,23.486,-57.553,-81.039,14.741,?,?
bpfi_1.0mm,4416.179,falha,6.870,-62.077,-68.947,10.166,?,?
bpfi_1.0mm,4426.575,falha,18.255,-59.097,-77.351,13.887,?,?
bpfi_1.0mm,4428.299,falha,6.272,-60.026,-66.298,12.846,?,?
bpfi_1.0mm,4441.750,normal,8.337,-55.688,-64.025,17.349,?,?
bpfi_1.0mm,4442.572,falha,33.837,-46.285,-80.122,26.531,?,?
bpfi_1.0mm,4450.795,falha,18.616,-62.028,-80.644,10.118,?,?
bpfi_1.0mm,4459.779,falha,18.155,-56.236,-74.392,16.775,BPFI±eixo,BPFI×17-2·eixo
bpfi_1.0mm,4468.112,falha,18.469,-56.289,-74.758,17.095,eixo,eixo×89
bpfi_1.0mm,4492.769,falha,19.947,-54.775,-74.722,19.416,?,?
bpfi_1.0mm,4509.976,falha,20.911,-55.618,-76.529,18.012,ambiguo,motor×186;BPFI×17-1·eixo
bpfi_1.0mm,4512.709,normal,-8.743,-72.098,-63.355,14.972,?,?
bpfi_1.0mm,4517.898,normal,-13.123,-73.618,-60.495,18.741,?,?
bpfi_1.0mm,4520.067,falha,11.239,-63.536,-74.775,10.744,?,?
bpfi_1.0mm,4534.037,falha,13.570,-64.022,-77.592,10.106,?,?
bpfi_1.0mm,4544.291,falha,7.653,-62.998,-70.651,10.380,?,?
bpfi_1.0mm,4552.939,normal,-6.221,-70.434,-64.213,15.915,?,?
bpfi_1.0mm,4554.441,falha,20.930,-61.587,-82.517,12.131,?,?
bpfi_1.0mm,4559.534,normal,14.602,-54.360,-68.962,11.803,?,?
bpfi_1.0mm,4560.199,falha,19.151,-51.006,-70.158,22.711,BPFI,BPFI×17
bpfi_1.0mm,4568.515,falha,7.241,-58.589,-65.830,15.802,eixo,eixo×91
bpfi_1.0mm,4569.606,falha,14.284,-63.963,-78.247,10.319,?,?
bpfi_1.0mm,4579.770,normal,-9.431,-72.325,-62.894,18.901,?,?
bpfi_1.0mm,4583.101,normal,-14.854,-75.024,-60.171,21.785,motor,motor×189
bpfi_1.0mm,4588.911,falha,13.184,-62.821,-76.005,12.790,?,?
bpfi_1.0mm,4594.485,falha,7.256,-64.284,-71.540,11.790,?,?
bpfi_1.0mm,4610.395,falha,24.334,-47.987,-72.321,27.613,BPFI±eixo,BPFI×17+1·eixo
bpfi_1.0mm,4613.147,normal,-8.223,-72.368,-64.145,17.316,?,?
bpfi_1.0mm,4618.717,falha,7.365,-57.330,-64.695,17.795,eixo,eixo×92
bpfi_1.0mm,4620.122,normal,-6.088,-74.569,-68.481,13.417,?,?
bpfi_1.0mm,4627.620,falha,15.055,-66.567,-81.622,10.049,?,?
bpfi_1.0mm,4629.482,falha,17.713,-59.121,-76.833,17.171,?,?
bpfi_1.0mm,4659.405,falha,9.590,-64.264,-73.853,12.552,?,?
bpfi_1.0mm,4660.595,falha,18.787,-46.667,-65.453,29.987,BPFI±eixo,BPFI×17+2·eixo
bpfi_1.0mm,4668.924,falha,8.424,-60.602,-69.027,16.410,eixo,eixo×93
bpfi_1.0mm,4673.145,normal,-7.113,-71.125,-64.011,18.615,?,?
bpfi_1.0mm,4677.815,falha,17.855,-67.206,-85.061,10.313,?,?
bpfi_1.0mm,4680.176,normal,-9.804,-77.425,-67.621,15.223,motor,motor×193
bpfi_1.0mm,4689.300,falha,16.851,-62.006,-78.857,14.998,?,?
bpfi_1.0mm,4710.794,falha,21.217,-49.347,-70.564,27.453,?,?
bpfi_1.0mm,4721.013,normal,-8.369,-74.947,-66.577,16.370,?,?
bpfi_1.0mm,4741.181,normal,-7.647,-72.021,-64.374,17.171,?,?
bpfi_1.0mm,4752.887,normal,-8.916,-77.137,-68.222,13.323,motor,motor×196
bpfi_1.0mm,4772.642,falha,7.922,-67.378,-75.300,10.140,?,?
bpfi_1.0mm,4778.199,falha,22.280,-59.389,-81.669,18.775,BPFI±eixo,BPFI×18-1·eixo
bpfi_1.0mm,4782.847,normal,-6.330,-75.723,-69.393,10.657,?,?
bpfi_1.0mm,4784.654,falha,7.608,-66.954,-74.562,10.662,?,?
bpfi_1.0mm,4811.207,falha,6.524,-66.040,-72.565,11.182,?,?
bpfi_1.0mm,4820.928,normal,-6.292,-72.901,-66.609,17.760,?,?
bpfi_1.0mm,4821.852,normal,-11.046,-75.188,-64.142,20.261,?,?
bpfi_1.0mm,4828.428,falha,32.169,-53.999,-86.168,23.890,BPFI,BPFI×18
bpfi_1.0mm,4841.618,normal,-8.413,-76.507,-68.095,15.416,?,?
bpfi_1.0mm,4842.900,normal,-18.209,-78.291,-60.082,22.332,?,?
bpfi_1.0mm,4862.680,normal,-6.509,-75.686,-69.177,14.018,?,?
bpfi_1.0mm,4868.933,falha,14.782,-63.235,-78.017,13.479,?,?
bpfi_1.0mm,4872.947,normal,-12.013,-76.845,-64.831,19.289,?,?
bpfi_1.0mm,4878.605,falha,20.828,-64.091,-84.919,12.987,BPFI±eixo,BPFI×18+1·eixo
bpfi_1.0mm,4879.018,falha,20.307,-64.344,-84.651,12.740,?,?
bpfi_1.0mm,4895.854,falha,24.721,-61.369,-86.090,15.157,?,?
bpfi_1.0mm,4902.875,normal,-6.347,-74.863,-68.517,17.512,?,?
bpfi_1.0mm,4922.704,normal,-9.218,-76.919,-67.701,17.079,motor,motor×203
bpfi_1.0mm,4928.817,falha,27.748,-52.428,-80.176,24.068,BPFI±eixo,BPFI×18+2·eixo
bpfi_1.0mm,4942.864,normal,-6.613,-71.326,-64.713,20.739,?,?
bpfi_1.0mm,4946.066,falha,30.143,-53.106,-83.249,23.634,?,?
bpfi_1.0mm,4958.663,falha,21.325,-65.520,-86.844,11.213,?,?
bpfi_1.0mm,4963.040,normal,-14.708,-77.112,-62.404,21.522,?,?
bpfi_1.0mm,4967.979,falha,15.560,-66.391,-81.951,10.425,?,?
bpfi_1.0mm,4973.133,normal,-11.861,-78.517,-66.657,15.935,?,?
bpfi_1.0mm,4979.041,falha,33.437,-51.865,-85.302,23.930,?,?
bpfi_1.0mm,4990.930,falha,8.376,-63.594,-71.969,12.201,?,?
bpfi_1.0mm,4993.090,normal,-8.543,-77.348,-68.804,14.374,?,?
bpfi_1.0mm,4996.276,falha,32.652,-52.205,-84.857,23.631,BPFI±eixo,BPFI×19-2·eixo
bpfi_1.0mm,5011.437,falha,11.775,-64.875,-76.650,11.047,?,?
bpfi_1.0mm,5014.709,normal,-6.780,-75.331,-68.552,14.519,?,?
bpfi_1.0mm,5023.647,normal,-12.938,-78.221,-65.283,17.788,?,?
bpfi_1.0mm,5029.242,falha,22.671,-57.653,-80.324,17.544,?,?
bpfi_1.0mm,5046.451,falha,21.786,-61.531,-83.318,14.398,BPFI±eixo,BPFI×19-1·eixo
bpfi_1.0mm,5049.140,falha,19.336,-65.615,-84.951,10.273,?,?
bpfi_1.0mm,5063.412,normal,-9.254,-74.311,-65.057,18.376,?,?
bpfi_1.0mm,5067.026,falha,16.414,-64.801,-81.215,10.182,?,?
bpfi_1.0mm,5070.560,falha,10.470,-61.266,-71.737,13.665,eixo,eixo×101
bpfi_1.0mm,5079.432,falha,21.690,-63.951,-85.641,10.091,?,?
bpfi_1.0mm,5096.676,falha,40.662,-43.500,-84.162,30.542,BPFI,BPFI×19
bpfi_1.0mm,5112.098,falha,6.778,-59.823,-66.601,14.599,?,?
bpfi_1.0mm,5124.523,normal,-7.034,-69.395,-62.361,18.804,?,?
bpfi_1.0mm,5143.209,normal,-7.156,-72.220,-65.064,16.193,?,?
bpfi_1.0mm,5144.692,normal,-7.819,-69.110,-61.292,19.676,?,?
bpfi_1.0mm,5146.263,normal,18.378,-50.646,-69.024,11.883,?,?
bpfi_1.0mm,5146.875,falha,26.040,-48.555,-74.594,25.234,BPFI±eixo,BPFI×19+1·eixo
bpfi_1.0mm,5147.999,normal,10.264,-57.222,-67.486,13.253,?,?
bpfi_1.0mm,5149.558,falha,16.906,-62.990,-79.895,10.868,?,?
bpfi_1.0mm,5164.099,falha,8.444,-62.648,-71.092,10.984,?,?
bpfi_1.0mm,5169.863,falha,14.106,-61.998,-76.104,11.297,?,?
bpfi_1.0mm,5170.962,falha,12.410,-59.790,-72.201,13.504,eixo,eixo×103
bpfi_1.0mm,5182.637,normal,6.139,-64.861,-70.999,11.127,?,?
bpfi_1.0mm,5186.070,normal,6.778,-64.215,-70.993,11.134,?,?
bpfi_1.0mm,5195.194,falha,8.964,-58.669,-67.633,13.821,?,?
bpfi_1.0mm,5196.467,normal,9.424,-56.739,-66.163,16.343,?,?
bpfi_1.0mm,5197.004,falha,15.447,-56.105,-71.552,16.379,BPFI±eixo,BPFI×19+2·eixo
bpfi_1.0mm,5205.231,normal,-6.954,-71.570,-64.616,17.270,?,?
bpfi_1.0mm,5214.298,falha,31.347,-51.749,-83.095,20.741,?,?
bpfi_1.0mm,5221.169,falha,7.506,-56.082,-63.588,15.543,eixo,eixo×104
bpfi_1.0mm,5229.592,falha,16.279,-62.667,-78.946,10.066,?,?
bpfi_1.0mm,5245.410,falha,7.418,-59.434,-66.853,14.119,?,?
bpfi_1.0mm,5246.662,normal,7.193,-56.969,-64.162,18.766,?,?
bpfi_1.0mm,5247.215,falha,13.717,-56.131,-69.848,17.674,?,?
bpfi_1.0mm,5250.885,falha,14.809,-62.516,-77.325,12.094,?,?
bpfi_1.0mm,5263.220,normal,-9.573,-72.010,-62.437,19.556,?,?
bpfi_1.0mm,5264.500,falha,27.229,-53.937,-81.166,20.884,BPFI±eixo,BPFI×20-2·eixo
bpfi_1.0mm,5265.700,normal,7.004,-60.678,-67.682,14.513,?,?
bpfi_1.0mm,5297.478,falha,16.733,-61.829,-78.562,14.053,?,?
bpfi_1.0mm,5306.054,normal,-6.159,-72.326,-66.166,16.392,?,?
bpfi_1.0mm,5314.691,falha,15.532,-66.145,-81.677,10.692,BPFI±eixo,BPFI×20-1·eixo
bpfi_1.0mm,5352.735,falha,9.172,-62.939,-72.110,12.833,?,?
bpfi_1.0mm,5364.894,falha,31.247,-50.534,-81.781,24.955,BPFI,BPFI×20
bpfi_1.0mm,5371.770,falha,-6.708,-65.781,-59.073,10.472,eixo,eixo×107
bpfi_1.0mm,5383.266,normal,-13.828,-71.836,-58.008,24.635,motor,motor×222
bpfi_1.0mm,5395.530,normal,-9.575,-73.979,-64.405,17.801,?,?
bpfi_1.0mm,5397.001,falha,9.922,-63.571,-73.493,13.295,?,?
bpfi_1.0mm,5415.105,falha,30.551,-46.688,-77.238,30.400,BPFI±eixo,BPFI×20+1·eixo
bpfi_1.0mm,5416.320,normal,16.129,-56.807,-72.937,10.353,?,?
bpfi_1.0mm,5432.316,falha,13.035,-64.864,-77.899,12.852,motor,motor×224
bpfi_1.0mm,5465.305,falha,23.543,-54.317,-77.860,22.409,BPFI±eixo,BPFI×20+2·eixo
bpfi_1.0mm,5466.539,normal,7.680,-63.680,-71.360,10.566,?,?
bpfi_1.0mm,5468.230,falha,10.136,-66.991,-77.127,10.383,?,?
bpfi_1.0mm,5471.699,normal,-6.329,-66.180,-59.852,22.979,?,?
bpfi_1.0mm,5473.312,normal,-7.804,-75.249,-67.445,15.386,?,?
bpfi_1.0mm,5482.516,falha,13.366,-60.419,-73.786,17.876,?,?
bpfi_1.0mm,5487.648,normal,-11.616,-73.273,-61.657,20.184,?,?
bpfi_1.0mm,5495.932,normal,-9.320,-75.896,-66.575,15.902,?,?
bpfi_1.0mm,5497.415,falha,12.747,-60.430,-73.177,18.563,?,?
bpfi_1.0mm,5507.983,normal,-7.354,-77.717,-70.363,12.397,?,?
bpfi_1.0mm,5515.500,falha,24.400,-56.716,-81.116,21.246,?,?
bpfi_1.0mm,5521.895,normal,-7.882,-76.352,-68.470,14.285,?,?
bpfi_1.0mm,5546.669,falha,17.103,-62.596,-79.699,16.769,?,?
bpfi_1.0mm,5548.177,normal,-13.376,-76.670,-63.294,22.017,?,?
bpfi_1.0mm,5554.800,falha,17.339,-67.031,-84.370,11.741,?,?
bpfi_1.0mm,5559.984,normal,-6.760,-81.101,-74.341,10.028,?,?
bpfi_1.0mm,5563.427,normal,-14.336,-77.530,-63.194,21.214,?,?
bpfi_1.0mm,5565.710,falha,13.093,-58.650,-71.742,19.376,?,?
bpfi_1.0mm,5582.903,falha,8.897,-66.673,-75.570,11.364,BPFI±eixo,BPFI×21-1·eixo
bpfi_1.0mm,5584.929,falha,20.535,-64.265,-84.800,13.772,?,?
bpfi_1.0mm,5587.302,falha,14.545,-62.964,-77.508,15.706,?,?
bpfi_1.0mm,5603.803,normal,-6.876,-69.514,-62.638,22.968,?,?
bpfi_1.0mm,5615.928,falha,25.909,-62.121,-88.030,16.141,?,?
bpfi_1.0mm,5628.874,normal,-6.323,-79.393,-73.070,12.654,?,?
bpfi_1.0mm,5633.151,falha,19.914,-54.807,-74.721,23.679,BPFI,BPFI×21
bpfi_1.0mm,5633.858,normal,15.263,-57.041,-72.303,13.810,?,?
bpfi_1.0mm,5636.542,falha,22.242,-58.176,-80.417,20.212,?,?
bpfi_1.0mm,5646.521,normal,6.258,-69.309,-75.567,10.313,?,?
bpfi_1.0mm,5653.475,normal,-12.568,-77.173,-64.605,21.972,?,?
bpfi_1.0mm,5666.416,falha,23.560,-64.235,-87.795,14.163,?,?
bpfi_1.0mm,5667.028,falha,15.576,-62.309,-77.885,16.329,?,?
bpfi_1.0mm,5669.058,normal,-9.086,-75.301,-66.215,20.030,?,?
bpfi_1.0mm,5677.014,falha,30.895,-57.077,-87.972,21.120,?,?
bpfi_1.0mm,5687.021,falha,15.646,-66.410,-82.056,11.796,?,?
bpfi_1.0mm,5688.960,normal,-12.199,-77.551,-65.352,19.505,?,?
bpfi_1.0mm,5689.419,normal,-16.830,-81.141,-64.311,20.546,?,?
bpfi_1.0mm,5696.982,falha,16.243,-64.068,-80.311,13.485,?,?
bpfi_1.0mm,5705.382,normal,-10.097,-79.122,-69.025,16.243,?,?
bpfi_1.0mm,5717.242,falha,15.269,-55.883,-71.153,21.686,?,?
bpfi_1.0mm,5729.639,normal,-7.061,-74.327,-67.266,16.154,?,?
bpfi_1.0mm,5733.562,falha,31.051,-52.268,-83.319,24.173,BPFI±eixo,BPFI×21+2·eixo
bpfi_1.0mm,5736.936,falha,18.966,-59.138,-78.103,16.926,?,?
bpfi_1.0mm,5741.731,normal,-9.162,-75.541,-66.379,17.394,?,?
bpfi_1.0mm,5766.785,falha,29.269,-55.641,-84.910,21.836,?,?
bpfi_1.0mm,5777.788,falha,13.023,-63.348,-76.371,13.047,?,?
bpfi_1.0mm,5783.762,falha,19.942,-53.065,-73.007,23.503,?,?
bpfi_1.0mm,5790.196,normal,-7.227,-73.337,-66.111,19.868,?,?
bpfi_1.0mm,5792.441,falha,9.260,-62.087,-71.346,13.412,?,?
bpfi_1.0mm,5810.473,normal,-6.120,-76.873,-70.753,13.954,?,?
bpfi_1.0mm,5816.812,falha,21.076,-65.569,-86.645,10.573,?,?
bpfi_1.0mm,5829.224,falha,18.454,-64.442,-82.896,11.233,?,?
bpfi_1.0mm,5845.966,falha,18.816,-65.173,-83.988,10.183,?,?
bpfi_1.0mm,5859.082,falha,25.827,-61.801,-87.627,13.292,?,?
bpfi_1.0mm,5871.013,normal,-6.110,-71.275,-65.166,22.138,?,?
bpfi_1.0mm,5873.988,normal,8.183,-68.399,-76.582,11.143,eixo,eixo×117
bpfi_1.0mm,5879.437,falha,25.643,-61.697,-87.340,12.426,?,?
bpfi_1.0mm,5886.582,falha,23.240,-63.055,-86.294,11.911,?,?
bpfi_1.0mm,5899.253,normal,18.144,-53.481,-71.625,14.093,?,?
bpfi_1.0mm,5899.729,falha,21.663,-52.755,-74.418,21.501,?,?
bpfi_1.0mm,5901.386,falha,28.742,-49.853,-78.595,24.403,BPFI,BPFI×22
bpfi_1.0mm,5901.855,falha,31.309,-51.578,-82.887,22.935,?,?
bpfi_1.0mm,5902.720,normal,13.759,-59.362,-73.121,12.570,?,?
bpfi_1.0mm,5905.306,falha,12.303,-44.160,-56.463,30.999,?,?
bpfi_1.0mm,5916.459,falha,15.650,-59.579,-75.228,16.167,motor,motor×244
bpfi_1.0mm,5919.702,falha,17.138,-64.888,-82.026,10.534,?,?
bpfi_1.0mm,5935.746,falha,30.208,-51.977,-82.185,23.034,?,?
bpfi_1.0mm,5946.388,falha,23.342,-64.059,-87.401,11.315,?,?
bpfi_1.0mm,5949.938,falha,16.176,-64.355,-80.530,11.434,?,?
bpfi_1.0mm,5951.586,falha,26.040,-51.160,-77.200,24.629,BPFI±eixo,BPFI×22+1·eixo
bpfi_1.0mm,5952.053,falha,25.594,-52.818,-78.412,23.089,?,?
bpfi_1.0mm,5959.847,normal,12.241,-64.078,-76.319,10.752,?,?
bpfi_1.0mm,5960.318,falha,13.923,-62.981,-76.904,12.595,?,?
bpfi_1.0mm,5965.687,falha,24.191,-58.921,-83.112,17.287,motor,motor×246
bpfi_1.0mm,5968.829,falha,21.409,-61.597,-83.006,14.428,?,?
bpfi_1.0mm,5976.298,falha,16.667,-65.530,-82.197,10.606,?,?
bpfi_1.0mm,5980.811,falha,27.239,-60.673,-87.912,14.900,?,?
bpfi_1.0mm,5985.946,falha,17.306,-65.766,-83.072,10.424,?,?
bpfi_1.0mm,6000.815,falha,18.781,-65.458,-84.239,11.323,?,?
bpfi_1.0mm,6001.798,falha,11.361,-54.755,-66.115,21.842,BPFI±eixo,BPFI×22+2·eixo
bpfi_1.0mm,6006.329,falha,18.637,-59.205,-77.842,18.664,?,?
bpfi_1.0mm,6019.007,falha,20.699,-57.445,-78.145,19.686,?,?
bpfi_1.0mm,6031.985,falha,9.521,-67.263,-76.784,10.618,?,?
bpfi_1.0mm,6036.152,falha,20.577,-57.379,-77.956,21.142,?,?
bpfi_1.0mm,6038.269,falha,11.984,-65.612,-77.596,12.908,motor,motor×249
bpfi_1.0mm,6041.531,falha,18.713,-63.364,-82.078,15.144,?,?
bpfi_1.0mm,6050.415,falha,13.019,-68.003,-81.022,10.707,?,?
bpfi_1.0mm,6050.952,falha,14.018,-64.998,-79.016,14.127,?,?
bpfi_1.0mm,6052.007,falha,15.415,-59.468,-74.884,19.707,?,?
bpfi_1.0mm,6054.041,normal,-10.722,-79.918,-69.196,18.105,?,?
bpfi_1.0mm,6056.769,normal,6.487,-70.695,-77.182,10.822,?,?
bpfi_1.0mm,6061.897,falha,18.011,-63.739,-81.750,14.820,motor,motor×250
bpfi_1.0mm,6069.216,falha,24.804,-58.900,-83.705,20.258,BPFI±eixo,BPFI×23-2·eixo
bpfi_1.0mm,6085.414,falha,29.413,-58.841,-88.255,20.539,?,?
bpfi_1.0mm,6087.934,normal,-10.151,-73.813,-63.662,21.795,?,?
bpfi_1.0mm,6100.590,falha,10.828,-62.646,-73.473,16.044,?,?
bpfi_1.0mm,6102.204,falha,8.882,-64.165,-73.047,14.430,?,?
bpfi_1.0mm,6112.172,normal,-9.306,-79.619,-70.312,14.846,?,?
bpfi_1.0mm,6119.409,falha,16.318,-60.963,-77.281,17.189,BPFI±eixo,BPFI×23-1·eixo
bpfi_1.0mm,6123.730,normal,-7.321,-76.943,-69.622,17.055,?,?
bpfi_1.0mm,6124.828,falha,6.360,-57.280,-63.640,20.255,eixo,eixo×122
bpfi_1.0mm,6126.056,falha,7.910,-67.237,-75.147,10.439,?,?
bpfi_1.0mm,6132.384,falha,14.789,-66.532,-81.320,10.805,?,?
bpfi_1.0mm,6149.067,falha,9.030,-63.613,-72.643,15.178,?,?
bpfi_1.0mm,6160.638,normal,-11.363,-77.329,-65.966,18.759,?,?
bpfi_1.0mm,6162.939,falha,6.220,-66.461,-72.681,11.754,?,?
bpfi_1.0mm,6169.618,falha,24.024,-53.654,-77.679,25.369,BPFI,BPFI×23
bpfi_1.0mm,6176.209,normal,-8.725,-76.165,-67.440,17.505,?,?
bpfi_1.0mm,6185.815,falha,19.030,-66.556,-85.586,11.102,?,?
bpfi_1.0mm,6188.883,falha,7.378,-64.227,-71.605,12.747,?,?
bpfi_1.0mm,6198.724,normal,-7.093,-72.352,-65.259,17.036,?,?
bpfi_1.0mm,6200.447,normal,-9.874,-65.398,-55.524,26.771,?,?
bpfi_1.0mm,6202.179,normal,-13.414,-78.769,-65.356,16.242,?,?
bpfi_1.0mm,6205.100,falha,25.283,-59.581,-84.865,19.068,?,?
bpfi_1.0mm,6210.836,normal,-11.674,-73.484,-61.810,21.957,?,?
bpfi_1.0mm,6212.561,normal,-11.540,-79.838,-68.297,15.192,?,?
bpfi_1.0mm,6215.785,falha,7.553,-64.823,-72.377,14.186,?,?
bpfi_1.0mm,6219.824,falha,28.869,-55.540,-84.409,23.074,BPFI±eixo,BPFI×23+1·eixo
bpfi_1.0mm,6220.825,normal,10.329,-59.232,-69.561,14.764,?,?
bpfi_1.0mm,6224.682,normal,-9.238,-58.595,-49.357,34.046,?,?
bpfi_1.0mm,6226.415,normal,-13.875,-78.614,-64.739,19.124,?,?
bpfi_1.0mm,6228.144,normal,-7.895,-80.721,-72.826,10.853,?,?
bpfi_1.0mm,6239.085,falha,7.696,-58.543,-66.239,19.376,?,?
bpfi_1.0mm,6248.917,normal,-11.405,-67.525,-56.119,26.597,?,?
bpfi_1.0mm,6250.648,normal,-13.100,-62.391,-49.290,33.089,?,?
bpfi_1.0mm,6261.037,normal,-11.618,-70.873,-59.254,22.289,?,?
bpfi_1.0mm,6262.767,normal,-9.857,-76.134,-66.277,15.267,?,?
bpfi_1.0mm,6270.041,falha,23.526,-57.383,-80.910,21.627,BPFI±eixo,BPFI×23+2·eixo
bpfi_1.0mm,6274.882,normal,-13.414,-55.490,-42.076,40.043,?,?
bpfi_1.0mm,6276.586,normal,-8.215,-77.127,-68.911,13.532,?,?
bpfi_1.0mm,6285.274,normal,-8.302,-74.714,-66.412,15.829,?,?
bpfi_1.0mm,6288.732,normal,-7.989,-68.251,-60.262,21.605,?,?
bpfi_1.0mm,6290.458,normal,-7.552,-74.613,-67.062,14.032,?,?
bpfi_1.0mm,6299.118,normal,-14.649,-63.671,-49.022,32.169,?,?
bpfi_1.0mm,6300.847,normal,-12.701,-64.447,-51.746,29.348,?,?
bpfi_1.0mm,6302.583,normal,-10.104,-78.781,-68.677,11.457,?,?
bpfi_1.0mm,6305.514,falha,26.049,-58.484,-84.532,19.588,?,?
bpfi_1.0mm,6311.237,normal,-21.899,-78.072,-56.173,25.017,?,?
bpfi_1.0mm,6312.971,normal,-11.317,-75.138,-63.821,17.369,?,?
bpfi_1.0mm,6314.700,normal,-13.396,-76.675,-63.279,17.912,?,?
bpfi_1.0mm,6320.243,falha,25.687,-54.831,-80.518,23.317,?,?
bpfi_1.0mm,6323.350,normal,-8.166,-77.041,-68.875,11.643,?,?
bpfi_1.0mm,6325.082,normal,-12.879,-56.242,-43.363,37.239,?,?
bpfi_1.0mm,6326.811,normal,-10.624,-74.822,-64.198,16.543,?,?
bpfi_1.0mm,6338.931,normal,-16.418,-67.262,-50.844,29.972,?,?
bpfi_1.0mm,6339.488,falha,-8.065,-60.378,-52.314,17.671,?,?
bpfi_1.0mm,6347.587,normal,-10.753,-76.828,-66.076,13.883,?,?
bpfi_1.0mm,6349.879,falha,-6.033,-57.966,-51.932,18.430,?,?
bpfi_1.0mm,6351.047,normal,-13.057,-59.592,-46.535,33.174,?,?
bpfi_1.0mm,6361.994,falha,-8.051,-63.201,-55.150,13.195,?,?
bpfi_1.0mm,6365.454,falha,6.120,-65.065,-71.185,11.026,?,?
bpfi_1.0mm,6370.452,falha,16.379,-58.949,-75.328,18.278,?,?
bpfi_1.0mm,6375.281,normal,-12.493,-51.375,-38.882,41.887,?,?
bpfi_1.0mm,6386.246,falha,10.289,-63.802,-74.091,13.844,?,?
bpfi_1.0mm,6389.682,falha,7.137,-66.669,-73.806,10.765,?,?
bpfo_0.3mm,117.988,normal,-8.737,-79.292,-70.554,11.980,?,?
bpfo_0.3mm,122.934,falha,10.333,-71.511,-81.844,12.274,?,?
bpfo_0.3mm,124.041,normal,-14.395,-82.168,-67.772,15.542,?,?
bpfo_0.3mm,165.328,normal,-7.101,-75.748,-68.647,17.635,?,?
bpfo_0.3mm,197.770,falha,6.579,-75.390,-81.969,10.558,?,?
bpfo_0.3mm,200.820,falha,6.643,-52.464,-59.106,32.137,eixo,eixo×4
bpfo_0.3mm,203.427,normal,-7.031,-76.591,-69.560,14.500,?,?
bpfo_0.3mm,232.891,falha,-7.368,-72.738,-65.370,13.065,BPFO±eixo,BPFO×1+1·eixo
bpfo_0.3mm,248.814,falha,12.406,-65.686,-78.092,19.816,?,?
bpfo_0.3mm,319.383,falha,7.587,-69.271,-76.858,16.776,?,?
bpfo_0.3mm,328.633,falha,11.552,-69.516,-81.068,16.750,?,?
bpfo_0.3mm,329.474,normal,-12.370,-85.902,-73.531,10.625,?,?
bpfo_0.3mm,351.380,falha,-9.093,-75.442,-66.348,11.529,eixo,eixo×7
bpfo_0.3mm,365.324,falha,30.144,-54.151,-84.295,33.053,BPFO,BPFO×2
bpfo_0.3mm,455.550,normal,-6.262,-79.558,-73.296,10.846,?,?
bpfo_0.3mm,547.984,falha,19.335,-62.152,-81.487,22.310,BPFO,BPFO×3
bpfo_0.3mm,680.437,falha,19.782,-61.321,-81.103,20.578,BPFO±eixo,BPFO×4-1·eixo
bpfo_0.3mm,715.115,falha,7.120,-61.398,-68.519,17.494,?,?
bpfo_0.3mm,725.087,normal,-8.598,-75.154,-66.556,12.120,?,?
bpfo_0.3mm,730.646,falha,43.181,-34.375,-77.555,45.272,BPFO,BPFO×4
bpfo_0.3mm,735.413,falha,9.049,-66.840,-75.889,13.011,?,?
bpfo_0.3mm,775.732,falha,6.612,-65.598,-72.210,12.816,?,?
bpfo_0.3mm,780.854,falha,29.017,-50.051,-79.068,26.979,BPFO±eixo,BPFO×4+1·eixo
bpfo_0.3mm,799.970,falha,-7.031,-60.721,-53.690,14.511,?,?
bpfo_0.3mm,807.548,falha,19.764,-59.719,-79.483,15.051,?,?
bpfo_0.3mm,834.301,falha,7.115,-56.826,-63.941,17.631,?,?
bpfo_0.3mm,857.758,falha,19.909,-62.590,-82.499,13.464,?,?
bpfo_0.3mm,863.099,falha,34.571,-46.547,-81.118,30.039,BPFO±eixo,BPFO×5-1·eixo
bpfo_0.3mm,872.818,falha,9.802,-53.707,-63.509,24.207,?,?
bpfo_0.3mm,907.858,normal,-7.451,-79.586,-72.135,10.758,?,?
bpfo_0.3mm,913.306,falha,32.254,-49.748,-82.002,30.649,BPFO,BPFO×5
bpfo_0.3mm,915.415,normal,-13.178,-80.366,-67.187,15.946,?,?
bpfo_0.3mm,969.913,falha,7.573,-67.459,-75.032,15.725,?,?
bpfo_0.3mm,1025.544,falha,9.206,-72.058,-81.264,12.029,?,?
bpfo_0.3mm,1045.764,falha,12.243,-67.000,-79.243,16.624,BPFO±eixo,BPFO×6-1·eixo
bpfo_0.3mm,1066.932,normal,-6.602,-78.369,-71.767,10.856,?,?
bpfo_0.3mm,1072.681,falha,9.446,-65.422,-74.868,17.330,?,?
bpfo_0.3mm,1074.835,normal,-15.658,-81.910,-66.252,15.981,?,?
bpfo_0.3mm,1075.742,falha,6.144,-63.062,-69.206,19.745,?,?
bpfo_0.3mm,1089.466,normal,-6.509,-78.302,-71.793,10.189,?,?
bpfo_0.3mm,1095.965,falha,32.746,-48.306,-81.053,33.928,BPFO,BPFO×6
bpfo_0.3mm,1098.493,normal,-17.774,-79.593,-61.819,19.790,?,?
bpfo_0.3mm,1112.727,falha,7.367,-69.177,-76.544,12.620,?,?
bpfo_0.3mm,1126.885,normal,-7.219,-72.027,-64.808,15.517,?,?
bpfo_0.3mm,1141.981,falha,9.589,-69.580,-79.169,11.333,?,?
bpfo_0.3mm,1146.163,falha,10.678,-69.348,-80.027,11.462,BPFO±eixo,BPFO×6+1·eixo
bpfo_0.3mm,1190.883,normal,-20.262,-83.467,-63.205,17.665,?,?
bpfo_0.3mm,1192.560,normal,-6.561,-69.871,-63.310,17.536,?,?
bpfo_0.3mm,1228.419,falha,13.547,-68.691,-82.238,15.086,BPFO±eixo,BPFO×7-1·eixo
bpfo_0.3mm,1272.900,falha,10.687,-66.361,-77.047,15.121,?,?
bpfo_0.3mm,1278.619,falha,38.222,-39.960,-78.182,41.678,BPFO,BPFO×7
bpfo_0.3mm,1281.583,normal,-13.959,-79.382,-65.423,15.685,?,?
bpfo_0.3mm,1291.210,normal,-9.135,-76.344,-67.209,13.267,?,?
bpfo_0.3mm,1294.482,falha,6.912,-69.217,-76.129,11.674,?,?
bpfo_0.3mm,1298.918,falha,15.616,-66.125,-81.741,14.173,?,?
bpfo_0.3mm,1301.924,normal,-14.451,-80.807,-66.356,12.862,?,?
bpfo_0.3mm,1304.812,normal,-6.908,-75.256,-68.349,10.869,?,?
bpfo_0.3mm,1310.775,falha,6.042,-67.919,-73.962,11.848,motor,motor×54
bpfo_0.3mm,1311.829,normal,-7.332,-75.027,-67.695,11.772,?,?
bpfo_0.3mm,1319.191,falha,14.445,-63.729,-78.174,15.829,?,?
bpfo_0.3mm,1328.832,falha,9.040,-56.820,-65.860,23.186,BPFO±eixo,BPFO×7+1·eixo
bpfo_0.3mm,1332.839,falha,-6.392,-64.757,-58.365,15.248,?,?
bpfo_0.3mm,1339.498,falha,16.406,-66.072,-82.478,14.535,?,?
bpfo_0.3mm,1349.982,falha,11.066,-70.062,-81.128,10.493,?,?
bpfo_0.3mm,1365.385,normal,-10.072,-76.271,-66.199,11.911,?,?
bpfo_0.3mm,1382.482,normal,-8.164,-74.489,-66.325,11.357,?,?
bpfo_0.3mm,1394.886,falha,13.148,-65.163,-78.311,15.364,?,?
bpfo_0.3mm,1411.083,falha,6.989,-59.910,-66.899,18.588,BPFO±eixo,BPFO×8-1·eixo
bpfo_0.3mm,1430.637,falha,10.999,-58.219,-69.218,18.864,?,?
bpfo_0.3mm,1450.657,falha,7.332,-63.351,-70.682,12.539,?,?
bpfo_0.3mm,1461.281,falha,29.409,-46.354,-75.763,29.889,BPFO,BPFO×8
bpfo_0.3mm,1464.658,normal,-17.783,-77.026,-59.243,16.520,?,?
bpfo_0.3mm,1511.485,falha,13.231,-69.889,-83.120,13.875,BPFO±eixo,BPFO×8+1·eixo
bpfo_0.3mm,1538.874,normal,-10.233,-80.166,-69.933,12.854,?,?
bpfo_0.3mm,1593.738,falha,16.074,-63.185,-79.259,21.426,BPFO±eixo,BPFO×9-1·eixo
bpfo_0.3mm,1634.148,normal,-17.893,-83.408,-65.515,17.030,?,?
bpfo_0.3mm,1636.588,falha,11.036,-66.426,-77.462,17.323,?,?
bpfo_0.3mm,1643.948,falha,27.696,-55.099,-82.795,28.857,BPFO,BPFO×9
bpfo_0.3mm,1646.188,falha,7.309,-72.455,-79.764,11.360,?,?
bpfo_0.3mm,1646.937,normal,-9.768,-80.533,-70.765,11.780,?,?
bpfo_0.3mm,1647.415,normal,-11.463,-83.496,-72.033,10.454,?,?
bpfo_0.3mm,1654.323,normal,-19.673,-84.727,-65.054,17.742,?,?
bpfo_0.3mm,1667.162,normal,-11.618,-81.034,-69.416,12.297,?,?
bpfo_0.3mm,1669.019,falha,7.703,-69.928,-77.631,13.120,?,?
bpfo_0.3mm,1670.158,falha,6.186,-71.530,-77.716,11.819,?,?
bpfo_0.3mm,1671.224,normal,-15.308,-84.773,-69.465,12.494,?,?
bpfo_0.3mm,1687.336,normal,-8.742,-74.988,-66.247,16.401,?,?
bpfo_0.3mm,1689.170,falha,8.464,-66.718,-75.182,16.021,?,?
bpfo_0.3mm,1694.167,falha,17.065,-64.020,-81.085,19.099,BPFO±eixo,BPFO×9+1·eixo
bpfo_0.3mm,1726.185,falha,9.250,-71.587,-80.837,10.816,BPFO±eixo,BPFO×10-2·eixo
bpfo_0.3mm,1757.177,falha,-6.259,-70.501,-64.242,12.122,?,?
bpfo_0.3mm,1776.401,falha,13.683,-67.457,-81.139,15.258,BPFO±eixo,BPFO×10-1·eixo
bpfo_0.3mm,1822.787,normal,-14.958,-78.827,-63.869,12.101,?,?
bpfo_0.3mm,1826.597,falha,29.051,-47.394,-76.445,30.939,BPFO,BPFO×10
bpfo_0.3mm,1830.834,normal,-14.195,-72.140,-57.946,17.591,?,?
bpfo_0.3mm,1836.522,normal,-17.951,-78.494,-60.543,16.162,?,?
bpfo_0.3mm,1838.718,falha,9.022,-65.042,-74.064,14.124,?,?
bpfo_0.3mm,1871.042,normal,-10.466,-76.752,-66.285,11.734,?,?
bpfo_0.3mm,1885.133,normal,-10.541,-74.421,-63.880,13.069,?,?
bpfo_0.3mm,1907.554,normal,-8.318,-72.850,-64.532,10.010,eixo,eixo×38
bpfo_0.3mm,1942.656,normal,-6.493,-71.447,-64.954,10.928,?,?
bpfo_0.3mm,1982.236,falha,6.766,-60.275,-67.041,11.796,?,?
bpfo_0.3mm,2008.207,falha,-9.752,-56.380,-46.628,13.238,?,?
bpfo_0.3mm,2009.234,falha,17.002,-37.777,-54.780,31.992,BPFO,BPFO×11
bpfo_0.3mm,2009.690,normal,14.078,-39.293,-53.372,19.593,?,?
bpfo_0.3mm,2011.699,falha,7.938,-54.501,-62.439,15.174,?,?
bpfo_0.3mm,2013.920,normal,-12.598,-66.210,-53.612,20.148,?,?
bpfo_0.3mm,2020.321,falha,7.524,-60.566,-68.090,11.737,?,?
bpfo_0.3mm,2023.779,falha,6.757,-50.476,-57.233,22.361,?,?
bpfo_0.3mm,2025.509,falha,9.814,-62.380,-72.194,10.684,?,?
bpfo_0.3mm,2034.171,falha,6.969,-53.009,-59.979,21.025,?,?
bpfo_0.3mm,2035.897,falha,6.061,-49.827,-55.888,24.207,?,?
bpfo_0.3mm,2049.763,falha,6.651,-62.498,-69.149,12.324,?,?
bpfo_0.3mm,2084.375,falha,-11.750,-54.181,-42.431,18.896,?,?
bpfo_0.3mm,2108.614,falha,-13.424,-50.144,-36.720,21.334,?,?
bpfo_0.3mm,2141.677,falha,19.411,-48.976,-68.387,25.664,BPFO±eixo,BPFO×12-1·eixo
bpfo_0.3mm,2144.967,falha,-16.835,-56.319,-39.483,18.941,?,?
bpfo_0.3mm,2157.090,falha,-8.600,-50.933,-42.332,22.391,?,?
bpfo_0.3mm,2158.818,falha,-12.035,-48.218,-36.183,24.935,?,?
bpfo_0.3mm,2167.204,normal,-12.677,-68.516,-55.839,11.087,?,?
bpfo_0.3mm,2170.927,falha,-6.050,-59.539,-53.489,12.339,?,?
bpfo_0.3mm,2191.874,falha,28.409,-36.307,-64.716,35.530,BPFO,BPFO×12
bpfo_0.3mm,2193.444,falha,-6.140,-54.740,-48.600,17.097,?,?
bpfo_0.3mm,2196.892,falha,-10.008,-61.445,-51.437,11.246,?,?
bpfo_0.3mm,2199.022,normal,-14.305,-71.926,-57.622,11.128,?,?
bpfo_0.3mm,2217.681,falha,-6.579,-58.952,-52.373,12.789,?,?
bpfo_0.3mm,2219.144,normal,-12.022,-69.770,-57.748,10.573,?,?
bpfo_0.3mm,2231.529,falha,6.661,-54.309,-60.971,14.664,?,?
bpfo_0.3mm,2234.724,normal,-11.581,-62.878,-51.297,16.115,?,?
bpfo_0.3mm,2242.030,falha,8.798,-47.878,-56.676,19.626,BPFO±eixo,BPFO×12+1·eixo
bpfo_0.3mm,2245.106,normal,-9.875,-58.331,-48.457,19.144,?,?
bpfo_0.3mm,2259.230,falha,-9.137,-52.888,-43.751,16.539,?,?
bpfo_0.3mm,2301.051,normal,-11.609,-73.314,-61.705,11.691,?,?
bpfo_0.3mm,2324.306,falha,13.569,-54.446,-68.015,20.144,BPFO±eixo,BPFO×13-1·eixo
bpfo_0.3mm,2333.393,normal,-9.540,-66.963,-57.423,13.894,?,?
bpfo_0.3mm,2340.218,normal,-11.960,-71.170,-59.210,11.961,?,?
bpfo_0.3mm,2345.508,normal,-11.302,-72.401,-61.099,10.414,?,?
bpfo_0.3mm,2359.355,normal,-7.168,-67.278,-60.110,12.128,eixo,eixo×47
bpfo_0.3mm,2364.732,normal,-7.954,-67.794,-59.840,14.316,?,?
bpfo_0.3mm,2374.514,falha,19.891,-51.464,-71.355,24.856,BPFO,BPFO×13
bpfo_0.3mm,2380.641,normal,-11.585,-74.778,-63.193,12.279,?,?
bpfo_0.3mm,2381.366,normal,-20.116,-79.709,-59.593,15.957,?,?
bpfo_0.3mm,2384.135,falha,7.223,-62.615,-69.837,14.595,?,?
bpfo_0.3mm,2405.468,normal,-10.330,-74.075,-63.745,11.467,?,?
bpfo_0.3mm,2411.353,normal,-11.823,-74.238,-62.415,12.684,?,?
bpfo_0.3mm,2424.728,falha,19.091,-56.238,-75.330,19.440,BPFO±eixo,BPFO×13+1·eixo
bpfo_0.3mm,2455.703,falha,11.119,-63.547,-74.666,11.290,?,?
bpfo_0.3mm,2461.626,normal,-12.156,-75.355,-63.199,12.586,?,?
bpfo_0.3mm,2463.074,normal,-12.798,-74.652,-61.854,14.125,?,?
bpfo_0.3mm,2465.643,falha,12.807,-61.726,-74.532,12.794,?,?
bpfo_0.3mm,2466.115,falha,11.867,-62.665,-74.532,11.865,?,?
bpfo_0.3mm,2475.995,falha,13.752,-62.459,-76.210,11.653,motor,motor×102
bpfo_0.3mm,2481.667,normal,-13.195,-75.875,-62.680,13.960,?,?
bpfo_0.3mm,2506.983,falha,27.926,-49.503,-77.429,25.812,BPFO±eixo,BPFO×14-1·eixo
bpfo_0.3mm,2521.827,normal,-13.362,-75.155,-61.793,15.785,?,?
bpfo_0.3mm,2525.596,falha,16.415,-61.419,-77.834,15.460,?,?
bpfo_0.3mm,2557.189,falha,37.494,-43.398,-80.892,35.405,BPFO,BPFO×14
bpfo_0.3mm,2560.772,normal,-9.781,-75.328,-65.547,15.119,?,?
bpfo_0.3mm,2562.194,normal,-22.317,-79.451,-57.134,23.413,?,?
bpfo_0.3mm,2566.005,falha,23.831,-55.709,-79.541,23.774,?,?
bpfo_0.3mm,2590.242,falha,10.854,-67.250,-78.104,10.496,?,?
bpfo_0.3mm,2607.388,falha,11.792,-61.174,-72.966,14.077,BPFO±eixo,BPFO×14+1·eixo
bpfo_0.3mm,2619.740,falha,7.719,-61.235,-68.954,12.612,?,?
bpfo_0.3mm,2621.486,normal,-14.851,-71.298,-56.447,15.479,motor,motor×108
bpfo_0.3mm,2639.996,normal,-14.679,-74.057,-59.378,12.973,?,?
bpfo_0.3mm,2640.696,normal,-15.171,-73.290,-58.120,14.231,?,?
bpfo_0.3mm,2643.100,falha,7.224,-59.022,-66.245,15.469,?,?
bpfo_0.3mm,2653.937,falha,6.877,-63.381,-70.258,11.715,?,?
bpfo_0.3mm,2660.160,falha,7.968,-65.748,-73.716,10.415,?,?
bpfo_0.3mm,2663.066,normal,-10.651,-74.805,-64.154,10.811,?,?
bpfo_0.3mm,2666.422,falha,9.080,-66.453,-75.533,10.198,?,?
bpfo_0.3mm,2667.033,falha,11.570,-63.963,-75.533,12.811,?,?
bpfo_0.3mm,2681.502,normal,-15.384,-76.489,-61.105,14.924,?,?
bpfo_0.3mm,2683.213,normal,-10.282,-75.708,-65.427,10.831,?,?
bpfo_0.3mm,2689.640,falha,13.286,-59.553,-72.840,17.466,BPFO±eixo,BPFO×15-1·eixo
bpfo_0.3mm,2703.420,normal,-7.834,-72.499,-64.665,12.683,?,?
bpfo_0.3mm,2707.466,falha,16.016,-60.452,-76.469,16.451,?,?
bpfo_0.3mm,2720.158,falha,9.768,-63.737,-73.505,13.166,?,?
bpfo_0.3mm,2721.941,normal,-9.577,-71.472,-61.895,14.634,?,?
bpfo_0.3mm,2739.833,falha,22.318,-54.065,-76.383,23.870,BPFO,BPFO×15
bpfo_0.3mm,2743.773,normal,-19.203,-78.280,-59.078,18.530,?,?
bpfo_0.3mm,2747.852,falha,21.055,-57.980,-79.036,20.300,?,?
bpfo_0.3mm,2750.151,falha,8.937,-64.478,-73.414,14.145,?,?
bpfo_0.3mm,2751.912,normal,-10.186,-76.243,-66.057,12.431,?,?
bpfo_0.3mm,2780.154,falha,21.103,-59.304,-80.407,20.947,?,?
bpfo_0.3mm,2781.925,normal,-17.247,-76.762,-59.514,22.052,?,?
bpfo_0.3mm,2783.769,falha,7.112,-66.758,-73.869,13.507,?,?
bpfo_0.3mm,2808.007,falha,12.663,-56.773,-69.437,22.517,?,?
bpfo_0.3mm,2840.979,falha,14.380,-61.476,-75.857,16.715,?,?
bpfo_0.3mm,2878.134,normal,-11.799,-79.275,-67.476,11.435,?,?
bpfo_0.3mm,2878.923,normal,-9.788,-76.517,-66.729,12.129,?,?
bpfo_0.3mm,2881.373,falha,6.586,-64.351,-70.938,12.784,?,?
bpfo_0.3mm,2889.294,falha,7.683,-66.326,-74.009,10.799,?,?
bpfo_0.3mm,2896.315,falha,8.224,-66.137,-74.361,11.171,?,?
bpfo_0.3mm,2911.890,falha,8.466,-67.241,-75.706,10.180,?,?
bpfo_0.3mm,2922.480,falha,23.645,-51.613,-75.257,25.796,BPFO,BPFO×16
bpfo_0.3mm,2925.340,normal,-7.874,-74.683,-66.808,13.170,?,?
bpfo_0.3mm,2929.692,falha,11.220,-58.714,-69.934,18.470,?,?
bpfo_0.3mm,2949.743,falha,12.735,-61.154,-73.888,15.826,?,?
bpfo_0.3mm,2951.710,normal,-10.475,-77.152,-66.677,11.041,?,?
bpfo_0.3mm,2979.874,falha,6.441,-67.017,-73.458,10.527,?,?
bpfo_0.3mm,2990.149,falha,16.472,-62.864,-79.336,15.297,?,?
bpfo_0.3mm,2992.079,normal,-12.628,-78.754,-66.126,11.951,?,?
bpfo_0.3mm,3012.305,falha,6.920,-66.896,-73.816,10.384,?,?
bpfo_0.3mm,3020.149,falha,16.838,-59.367,-76.204,18.446,?,?
bpfo_0.3mm,3022.070,normal,-6.794,-76.897,-70.104,11.619,?,?
bpfo_0.3mm,3049.744,falha,13.071,-61.951,-75.022,20.304,?,?
bpfo_0.3mm,3053.843,falha,7.181,-65.279,-72.460,16.795,?,?
bpfo_0.3mm,3054.919,falha,18.327,-62.402,-80.729,19.806,BPFO±eixo,BPFO×17-1·eixo
bpfo_0.3mm,3066.592,normal,-9.766,-81.635,-71.870,11.252,?,?
bpfo_0.3mm,3071.131,falha,16.887,-66.593,-83.480,15.042,?,?
bpfo_0.3mm,3080.269,normal,-9.676,-78.835,-69.159,13.819,?,?
bpfo_0.3mm,3088.475,falha,6.256,-68.531,-74.787,12.407,?,?
bpfo_0.3mm,3105.129,falha,25.309,-55.985,-81.294,25.477,BPFO,BPFO×17
bpfo_0.3mm,3106.949,normal,-18.068,-81.678,-63.610,17.986,motor,motor×128
bpfo_0.3mm,3111.536,falha,19.190,-59.634,-78.824,20.524,?,?
bpfo_0.3mm,3116.374,normal,-6.001,-75.224,-69.223,11.660,?,?
bpfo_0.3mm,3117.212,normal,-10.306,-79.846,-69.539,11.475,?,?
bpfo_0.3mm,3153.882,normal,-10.533,-79.825,-69.292,13.892,?,?
bpfo_0.3mm,3155.327,falha,21.919,-61.748,-83.667,20.088,ambiguo,motor×130;BPFO×17+1·eixo
bpfo_0.3mm,3167.083,normal,-8.659,-82.435,-73.776,11.454,?,?
bpfo_0.3mm,3192.357,falha,7.695,-69.175,-76.870,13.823,?,?
bpfo_0.3mm,3205.536,falha,14.142,-68.275,-82.417,14.872,BPFO±eixo,BPFO×17+2·eixo
bpfo_0.3mm,3207.752,normal,-11.958,-78.703,-66.745,15.081,?,?
bpfo_0.3mm,3211.949,falha,8.888,-66.733,-75.621,16.149,?,?
bpfo_0.3mm,3212.564,falha,9.459,-63.675,-73.134,19.213,?,?
bpfo_0.3mm,3219.731,falha,13.437,-67.532,-80.969,15.929,?,?
bpfo_0.3mm,3235.631,falha,9.677,-72.561,-82.238,10.820,?,?
bpfo_0.3mm,3237.561,falha,14.889,-62.637,-77.526,21.169,BPFO±eixo,BPFO×18-1·eixo
bpfo_0.3mm,3238.020,falha,10.911,-63.900,-74.811,19.906,?,?
bpfo_0.3mm,3243.167,falha,9.707,-73.401,-83.108,10.405,?,?
bpfo_0.3mm,3243.932,falha,-9.265,-64.590,-55.325,18.684,?,?
bpfo_0.3mm,3252.972,falha,18.688,-63.103,-81.790,20.866,motor,motor×134
bpfo_0.3mm,3255.733,falha,12.764,-73.170,-85.934,10.704,?,?
bpfo_0.3mm,3260.126,falha,16.683,-67.902,-84.584,16.067,?,?
bpfo_0.3mm,3262.224,normal,-9.149,-80.333,-71.184,12.531,?,?
bpfo_0.3mm,3274.703,normal,-21.199,-85.470,-64.271,18.554,?,?
bpfo_0.3mm,3275.108,normal,-19.036,-83.518,-64.482,18.343,?,?
bpfo_0.3mm,3277.441,falha,13.576,-63.398,-76.974,20.329,?,?
bpfo_0.3mm,3287.755,falha,9.020,-61.392,-70.412,22.416,BPFO,BPFO×18
bpfo_0.3mm,3290.143,falha,14.597,-69.668,-84.265,14.452,?,?
bpfo_0.3mm,3293.380,falha,20.455,-65.110,-85.565,19.348,?,?
bpfo_0.3mm,3295.513,normal,-14.608,-84.906,-70.298,12.662,?,?
bpfo_0.3mm,3317.967,falha,9.393,-72.447,-81.839,10.463,?,?
bpfo_0.3mm,3320.151,falha,8.400,-70.808,-79.208,11.770,?,?
bpfo_0.3mm,3322.210,normal,-8.071,-74.986,-66.915,15.357,?,?
bpfo_0.3mm,3334.337,normal,-10.887,-82.988,-72.101,10.383,?,?
bpfo_0.3mm,3338.170,falha,6.163,-68.009,-74.172,14.177,BPFO±eixo,BPFO×18+1·eixo
bpfo_0.3mm,3358.374,falha,7.038,-69.118,-76.156,13.857,?,?
bpfo_0.3mm,3388.162,falha,10.952,-64.392,-75.344,20.645,BPFO±eixo,BPFO×18+2·eixo
bpfo_0.3mm,3388.578,falha,8.059,-65.111,-73.169,19.809,?,?
bpfo_0.3mm,3394.406,falha,7.621,-71.970,-79.591,13.352,?,?
bpfo_0.3mm,3405.290,falha,6.113,-72.743,-78.855,11.987,?,?
bpfo_0.3mm,3409.549,normal,-7.532,-80.257,-72.725,11.122,?,?
bpfo_0.3mm,3413.942,falha,7.103,-65.662,-72.764,18.773,?,?
bpfo_0.3mm,3414.606,falha,9.521,-70.780,-80.302,13.710,?,?
bpfo_0.3mm,3420.203,falha,14.244,-65.014,-79.258,19.230,BPFO±eixo,BPFO×19-1·eixo
bpfo_0.3mm,3425.008,falha,12.970,-69.713,-82.683,14.460,?,?
bpfo_0.3mm,3434.817,falha,13.920,-67.868,-81.788,16.078,?,?
bpfo_0.3mm,3455.022,falha,10.598,-68.548,-79.146,15.685,?,?
bpfo_0.3mm,3470.402,falha,10.044,-57.982,-68.026,27.059,BPFO,BPFO×19
bpfo_0.3mm,3475.223,falha,6.123,-63.972,-70.095,21.838,?,?
bpfo_0.3mm,3538.585,falha,11.666,-69.498,-81.164,15.177,?,?
bpfo_0.3mm,3542.194,normal,-13.651,-83.076,-69.424,12.693,?,?
bpfo_0.3mm,3552.646,falha,14.520,-65.302,-79.821,17.968,BPFO±eixo,BPFO×20-2·eixo
bpfo_0.3mm,3553.237,falha,7.725,-69.217,-76.942,14.113,?,?
bpfo_0.3mm,3560.139,falha,8.253,-67.234,-75.487,15.617,?,?
bpfo_0.3mm,3570.820,falha,6.359,-62.768,-69.127,20.293,BPFO±eixo,BPFO×19+2·eixo
bpfo_0.3mm,3592.452,normal,-20.862,-84.844,-63.981,19.464,motor,motor×148
bpfo_0.3mm,3602.852,falha,25.797,-59.244,-85.041,24.695,BPFO±eixo,BPFO×20-1·eixo
bpfo_0.3mm,3603.430,falha,16.328,-62.863,-79.191,21.138,?,?
bpfo_0.3mm,3616.643,falha,9.475,-71.108,-80.583,12.211,motor,motor×149
bpfo_0.3mm,3622.991,normal,-9.582,-79.347,-69.765,12.695,?,?
bpfo_0.3mm,3631.289,falha,6.805,-59.651,-66.455,23.049,?,?
bpfo_0.3mm,3638.569,normal,-6.151,-76.710,-70.558,12.595,?,?
bpfo_0.3mm,3642.186,normal,-14.563,-81.999,-67.436,15.718,?,?
bpfo_0.3mm,3651.684,normal,-9.765,-79.367,-69.602,13.152,?,?
bpfo_0.3mm,3653.087,falha,19.393,-58.954,-78.347,24.197,BPFO,BPFO×20
bpfo_0.3mm,3653.631,falha,19.405,-61.535,-80.939,21.783,?,?
bpfo_0.3mm,3657.068,falha,7.545,-70.274,-77.819,13.044,?,?
bpfo_0.3mm,3662.799,normal,-8.639,-78.466,-69.827,11.953,?,?
bpfo_0.3mm,3672.114,normal,-6.667,-72.478,-65.811,16.945,?,?
bpfo_0.3mm,3677.273,falha,13.813,-69.511,-83.325,11.608,?,?
bpfo_0.3mm,3685.098,falha,12.201,-63.622,-75.824,17.214,?,?
bpfo_0.3mm,3685.706,falha,8.999,-66.825,-75.824,13.925,?,?
bpfo_0.3mm,3699.719,falha,11.503,-70.386,-81.889,11.208,?,?
bpfo_0.3mm,3702.148,normal,-17.023,-83.822,-66.799,15.187,?,?
bpfo_0.3mm,3703.278,falha,17.707,-64.413,-82.120,16.811,BPFO±eixo,BPFO×20+1·eixo
bpfo_0.3mm,3711.977,normal,-10.649,-82.076,-71.427,11.146,?,?
bpfo_0.3mm,3712.423,normal,-7.282,-78.485,-71.203,11.370,?,?
bpfo_0.3mm,3732.320,normal,-11.111,-76.827,-65.716,17.024,?,?
bpfo_0.3mm,3735.310,falha,20.755,-52.755,-73.510,28.411,BPFO±eixo,BPFO×21-2·eixo
bpfo_0.3mm,3735.890,falha,17.641,-55.869,-73.510,25.154,?,?
bpfo_0.3mm,3737.864,falha,16.359,-68.188,-84.547,12.866,motor,motor×154
bpfo_0.3mm,3738.495,falha,7.829,-66.777,-74.606,14.647,motor,motor×154
bpfo_0.3mm,3742.511,normal,-9.236,-81.024,-71.787,11.658,?,?
bpfo_0.3mm,3749.923,falha,12.796,-71.229,-84.025,10.207,?,?
bpfo_0.3mm,3752.897,normal,12.852,-55.954,-68.806,14.882,?,?
bpfo_0.3mm,3753.485,falha,15.203,-54.346,-69.548,27.436,BPFO±eixo,BPFO×20+2·eixo
bpfo_0.3mm,3754.026,falha,21.603,-57.434,-79.037,24.635,?,?
bpfo_0.3mm,3762.210,normal,-16.254,-82.253,-65.999,17.372,motor,motor×155
bpfo_0.3mm,3764.333,normal,-9.596,-80.435,-70.840,12.524,?,?
bpfo_0.3mm,3768.669,falha,6.339,-71.549,-77.888,10.361,?,?
bpfo_0.3mm,3772.568,normal,-6.126,-78.422,-72.296,11.261,?,?
bpfo_0.3mm,3778.777,normal,-10.746,-80.267,-69.521,13.849,?,?
bpfo_0.3mm,3779.936,falha,6.559,-70.654,-77.213,11.732,?,?
bpfo_0.3mm,3783.069,normal,-11.746,-84.441,-72.694,10.178,?,?
bpfo_0.3mm,3785.512,falha,22.791,-60.482,-83.273,21.236,BPFO±eixo,BPFO×21-1·eixo
bpfo_0.3mm,3786.081,falha,19.626,-63.647,-83.273,17.874,?,?
bpfo_0.3mm,3790.876,normal,-12.612,-84.492,-71.880,10.746,?,?
bpfo_0.3mm,3794.125,normal,-10.844,-77.923,-67.079,15.511,?,?
bpfo_0.3mm,3798.497,falha,12.626,-72.026,-84.652,10.509,?,?
bpfo_0.3mm,3803.681,falha,8.721,-68.655,-77.376,14.133,?,?
bpfo_0.3mm,3815.127,normal,-9.224,-73.912,-64.688,19.171,eixo,eixo×76
bpfo_0.3mm,3817.486,falha,11.471,-71.487,-82.958,11.809,?,?
bpfo_0.3mm,3818.704,falha,11.837,-72.504,-84.341,10.668,?,?
bpfo_0.3mm,3833.341,normal,-19.577,-80.630,-61.053,22.209,?,?
bpfo_0.3mm,3835.724,falha,30.346,-52.831,-83.177,30.552,BPFO,BPFO×21
bpfo_0.3mm,3836.284,falha,27.029,-55.830,-82.860,27.466,?,?
bpfo_0.3mm,3838.910,falha,9.866,-60.353,-70.219,23.029,?,?
bpfo_0.3mm,3839.508,falha,6.859,-63.233,-70.092,20.064,?,?
bpfo_0.3mm,3841.127,normal,-12.047,-80.403,-68.356,14.503,?,?
bpfo_0.3mm,3853.677,falha,-9.208,-71.522,-62.313,11.798,?,?
bpfo_0.3mm,3859.107,falha,16.182,-67.466,-83.648,15.443,?,?
bpfo_0.3mm,3865.329,normal,-8.077,-71.078,-63.001,20.499,eixo,eixo×77
bpfo_0.3mm,3867.758,falha,18.417,-66.028,-84.444,15.983,?,?
bpfo_0.3mm,3868.373,falha,14.030,-68.915,-82.945,13.276,?,?
bpfo_0.3mm,3873.956,normal,-6.833,-75.948,-69.115,14.330,?,?
bpfo_0.3mm,3883.503,normal,-7.146,-78.577,-71.431,11.431,motor,motor×160
bpfo_0.3mm,3885.928,falha,20.567,-60.431,-80.998,21.596,BPFO±eixo,BPFO×21+1·eixo
bpfo_0.3mm,3886.487,falha,17.568,-63.430,-80.998,18.534,?,?
bpfo_0.3mm,3887.846,normal,-7.874,-80.373,-72.499,10.325,?,?
bpfo_0.3mm,3893.778,normal,-14.350,-80.989,-66.639,14.950,?,?
bpfo_0.3mm,3914.027,normal,-14.418,-80.424,-66.005,15.451,?,?
bpfo_0.3mm,3917.967,falha,25.810,-56.665,-82.475,23.758,BPFO±eixo,BPFO×22-2·eixo
bpfo_0.3mm,3918.536,falha,21.504,-59.282,-80.786,21.288,?,?
bpfo_0.3mm,3919.722,falha,21.118,-62.998,-84.116,17.426,?,?
bpfo_0.3mm,3920.328,falha,13.640,-67.747,-81.387,12.798,?,?
bpfo_0.3mm,3934.229,normal,-14.349,-80.352,-66.002,15.332,?,?
bpfo_0.3mm,3936.131,falha,16.662,-60.820,-77.482,19.726,BPFO±eixo,BPFO×21+2·eixo
bpfo_0.3mm,3936.694,falha,13.726,-63.756,-77.482,16.596,?,?
bpfo_0.3mm,3939.921,falha,8.140,-63.972,-72.112,15.913,?,?
bpfo_0.3mm,3957.539,falha,9.696,-67.087,-76.783,12.698,?,?
bpfo_0.3mm,3968.153,falha,15.366,-60.360,-75.726,17.704,BPFO±eixo,BPFO×22-1·eixo
bpfo_0.3mm,3968.757,falha,8.463,-63.233,-71.696,15.216,?,?
bpfo_0.3mm,3972.425,normal,-12.533,-75.817,-63.284,16.147,?,?
bpfo_0.3mm,3980.095,falha,9.135,-63.480,-72.615,14.850,?,?
bpfo_0.3mm,3990.447,falha,9.128,-66.309,-75.437,12.161,?,?
bpfo_0.3mm,3995.135,normal,-11.523,-80.837,-69.314,10.541,?,?
bpfo_0.3mm,4014.813,normal,-8.931,-75.945,-67.014,13.141,?,?
bpfo_0.3mm,4016.405,falha,8.710,-65.145,-73.855,14.386,?,?
bpfo_0.3mm,4018.373,falha,27.352,-52.204,-79.556,26.970,BPFO,BPFO×22
bpfo_0.3mm,4018.928,falha,14.288,-54.792,-69.080,24.367,?,?
bpfo_0.3mm,4019.470,normal,9.992,-58.082,-68.074,11.483,?,?
bpfo_0.3mm,4020.753,falha,6.870,-62.432,-69.301,16.338,?,?
bpfo_0.3mm,4029.719,falha,10.657,-56.821,-67.478,21.117,motor,motor×166
bpfo_0.3mm,4038.903,falha,6.458,-68.831,-75.289,10.167,?,?
bpfo_0.3mm,4041.888,normal,-7.437,-70.597,-63.160,16.615,?,?
bpfo_0.3mm,4050.403,falha,11.263,-67.525,-78.787,12.798,?,?
bpfo_0.3mm,4055.739,normal,-9.436,-68.751,-59.315,20.335,?,?
bpfo_0.3mm,4057.470,normal,-6.567,-68.227,-61.659,17.362,?,?
bpfo_0.3mm,4066.608,falha,-6.704,-60.574,-53.870,18.667,?,?
bpfo_0.3mm,4070.114,falha,9.401,-62.900,-72.301,15.399,?,?
bpfo_0.3mm,4079.970,normal,-16.698,-74.359,-57.662,19.764,?,?
bpfo_0.3mm,4081.702,normal,-6.659,-64.461,-57.802,19.193,?,?
bpfo_0.3mm,4093.818,normal,-8.072,-63.026,-54.955,22.113,?,?
bpfo_0.3mm,4095.547,normal,-9.251,-73.193,-63.942,13.465,?,?
bpfo_0.3mm,4096.033,normal,-6.081,-70.868,-64.787,12.956,?,?
bpfo_0.3mm,4100.604,falha,16.005,-60.348,-76.353,18.916,BPFO±eixo,BPFO×23-2·eixo
bpfo_0.3mm,4101.326,falha,12.588,-64.020,-76.608,15.149,?,?
bpfo_0.3mm,4105.934,normal,-7.160,-65.422,-58.262,19.495,?,?
bpfo_0.3mm,4118.053,normal,-7.413,-61.151,-53.738,23.417,?,?
bpfo_0.3mm,4150.813,falha,10.043,-61.152,-71.195,16.094,ambiguo,motor×171;BPFO×23-1·eixo
bpfo_0.3mm,4151.472,falha,9.539,-64.760,-74.298,12.271,?,?
bpfo_0.3mm,4157.870,normal,-7.707,-74.494,-66.787,11.023,?,?
bpfo_0.3mm,4162.859,normal,-6.224,-73.549,-67.325,10.586,?,?
bpfo_0.3mm,4182.104,normal,-7.242,-69.951,-62.709,15.217,?,?
bpfo_0.3mm,4192.987,falha,10.192,-46.920,-57.112,30.442,?,?
bpfo_0.3mm,4194.216,normal,-8.092,-69.110,-61.018,16.808,?,?
bpfo_0.3mm,4196.413,normal,-15.045,-78.449,-63.404,14.672,?,?
bpfo_0.3mm,4201.018,falha,14.072,-57.166,-71.238,19.990,BPFO,BPFO×23
bpfo_0.3mm,4201.687,falha,14.692,-61.505,-76.198,15.512,?,?
bpfo_0.3mm,4206.336,normal,-12.032,-70.740,-58.707,20.314,?,?
bpfo_0.3mm,4206.835,falha,-6.241,-65.552,-59.311,12.252,?,?
bpfo_0.3mm,4213.762,falha,6.548,-67.959,-74.508,10.036,?,?
bpfo_0.3mm,4217.225,falha,9.538,-44.296,-53.834,34.361,?,?
bpfo_0.3mm,4218.451,normal,-8.721,-66.453,-57.732,21.438,?,?
bpfo_0.3mm,4241.461,falha,9.368,-48.697,-58.064,28.807,?,?
bpfo_0.3mm,4244.414,normal,-9.274,-72.396,-63.122,15.609,?,?
bpfo_0.3mm,4254.805,normal,-7.668,-70.914,-63.246,16.205,?,?
bpfo_0.3mm,4256.534,normal,-6.235,-69.874,-63.639,15.995,?,?
bpfo_0.3mm,4263.969,falha,12.930,-67.096,-80.026,11.728,?,?
bpfo_0.3mm,4265.699,falha,7.732,-57.135,-64.867,21.688,?,?
bpfo_0.3mm,4268.648,normal,-7.695,-71.592,-63.896,16.601,?,?
bpfo_0.3mm,4276.084,falha,9.802,-64.499,-74.300,14.346,?,?
bpfo_0.3mm,4288.209,falha,7.605,-66.070,-73.675,12.737,?,?
bpfo_0.3mm,4296.862,normal,-16.886,-81.139,-64.252,14.245,motor,motor×177
bpfo_0.3mm,4299.711,falha,14.972,-60.230,-75.202,18.072,?,?
bpfo_0.3mm,4301.427,falha,6.612,-63.350,-69.963,15.457,BPFO±eixo,BPFO×23+2·eixo
bpfo_0.3mm,4302.071,falha,6.648,-65.806,-72.453,12.497,?,?
bpfo_0.3mm,4303.004,falha,-9.200,-66.287,-57.087,12.732,?,?
bpfo_0.3mm,4312.441,falha,6.169,-61.956,-68.126,17.340,?,?
bpfo_0.3mm,4314.171,falha,15.021,-60.027,-75.048,20.316,?,?
bpfo_0.3mm,4323.207,falha,8.907,-69.494,-78.401,11.569,?,?
bpfo_0.3mm,4326.288,falha,7.634,-65.511,-73.145,16.277,?,?
bpfo_0.3mm,4333.468,falha,15.127,-66.024,-81.151,14.394,BPFO±eixo,BPFO×24-1·eixo
bpfo_0.3mm,4334.181,falha,11.412,-68.478,-79.890,11.941,?,?
bpfo_0.3mm,4337.888,normal,-7.231,-64.461,-57.230,22.554,?,?
bpfo_0.3mm,4342.977,normal,-10.483,-68.264,-57.781,21.772,?,?
bpfo_0.3mm,4366.110,falha,7.639,-63.469,-71.108,18.160,?,?
bpfo_0.3mm,4370.118,falha,14.948,-67.411,-82.359,14.373,?,?
bpfo_0.3mm,4373.027,normal,-8.169,-76.878,-68.710,11.905,?,?
bpfo_0.3mm,4374.232,normal,-10.721,-77.645,-66.923,13.665,?,?
bpfo_0.3mm,4375.971,normal,-6.949,-71.652,-64.704,15.942,?,?
bpfo_0.3mm,4383.655,falha,21.242,-58.781,-80.022,23.615,BPFO,BPFO×24
bpfo_0.3mm,4384.363,falha,16.572,-63.669,-80.241,19.019,?,?
bpfo_0.3mm,4386.360,normal,-11.948,-69.234,-57.286,22.778,?,?
bpfo_0.3mm,4388.086,normal,-8.027,-68.565,-60.538,19.703,?,?
bpfo_0.3mm,4397.949,normal,-15.045,-81.174,-66.129,14.575,?,?
bpfo_0.3mm,4398.446,normal,-16.048,-78.191,-62.144,17.907,?,?
bpfo_0.3mm,4400.122,falha,18.979,-59.986,-78.965,23.499,?,?
bpfo_0.3mm,4402.475,falha,-16.866,-72.836,-55.970,10.648,?,?
bpfo_0.3mm,4404.643,falha,13.163,-69.652,-82.814,13.539,?,?
bpfo_0.3mm,4411.117,falha,7.054,-62.788,-69.842,20.833,?,?
bpfo_0.3mm,4412.324,normal,-8.279,-62.685,-54.405,25.712,?,?
bpfo_0.3mm,4415.791,normal,-8.365,-77.312,-68.947,11.406,?,?
bpfo_0.3mm,4422.674,normal,-6.145,-74.388,-68.243,11.818,?,?
bpfo_0.3mm,4427.936,normal,-6.995,-73.293,-66.298,14.709,?,?
bpfo_0.3mm,4432.964,normal,-8.782,-79.672,-70.890,10.484,?,?
bpfo_0.3mm,4433.862,falha,18.114,-65.309,-83.423,18.108,BPFO±eixo,BPFO×24+1·eixo
bpfo_0.3mm,4438.305,normal,-6.266,-70.791,-64.525,16.605,?,?
bpfo_0.3mm,4444.014,falha,7.748,-71.629,-79.378,11.734,?,?
bpfo_0.3mm,4445.055,falha,6.586,-67.961,-74.547,15.456,?,?
bpfo_0.3mm,4449.707,falha,7.071,-74.710,-81.782,10.171,?,?
bpfo_0.3mm,4450.935,falha,10.100,-71.678,-81.778,11.983,?,?
bpfo_0.3mm,4452.759,normal,-9.962,-76.321,-66.359,15.010,?,?
bpfo_0.3mm,4453.870,normal,-7.440,-77.877,-70.438,10.972,?,?
bpfo_0.3mm,4458.811,normal,-16.748,-84.804,-68.056,13.682,?,?
bpfo_0.3mm,4460.125,falha,10.638,-70.024,-80.662,13.594,?,?
bpfo_0.3mm,4465.228,falha,8.894,-73.164,-82.059,11.187,?,?
bpfo_0.3mm,4465.893,falha,14.063,-68.146,-82.209,16.259,BPFO±eixo,BPFO×25-2·eixo
bpfo_0.3mm,4466.627,falha,13.403,-71.116,-84.519,13.235,motor,motor×184
bpfo_0.3mm,4468.249,falha,10.488,-64.270,-74.758,20.046,?,?
bpfo_0.3mm,4478.893,normal,-15.279,-78.324,-63.045,17.426,?,?
bpfo_0.3mm,4482.650,normal,-11.991,-77.207,-65.216,14.702,?,?
bpfo_0.3mm,4484.050,falha,7.857,-65.983,-73.840,17.827,BPFO±eixo,BPFO×24+2·eixo
bpfo_0.3mm,4484.836,falha,6.010,-66.968,-72.978,17.304,?,?
bpfo_0.3mm,4485.464,falha,8.568,-65.534,-74.103,18.738,?,?
bpfo_0.3mm,4498.624,normal,-21.330,-87.188,-65.859,12.411,?,?
bpfo_0.3mm,4511.464,normal,-9.924,-76.874,-66.950,11.376,?,?
bpfo_0.3mm,4512.709,normal,-11.221,-74.576,-63.355,14.972,?,?
bpfo_0.3mm,4516.098,falha,12.288,-62.412,-74.699,20.125,BPFO±eixo,BPFO×25-1·eixo
bpfo_0.3mm,4516.814,falha,13.817,-66.134,-79.951,16.205,?,?
bpfo_0.3mm,4518.453,falha,-11.143,-71.638,-60.495,10.659,?,?
bpfo_0.3mm,4522.671,normal,-19.124,-87.665,-68.541,11.179,?,?
bpfo_0.3mm,4536.286,falha,11.372,-70.441,-81.813,13.857,?,?
bpfo_0.3mm,4550.827,falha,12.493,-71.233,-83.726,13.334,?,?
bpfo_0.3mm,4552.939,normal,-19.523,-83.736,-64.213,15.915,?,?
bpfo_0.3mm,4562.928,normal,-9.011,-79.346,-70.335,10.431,?,?
bpfo_0.3mm,4566.297,falha,13.210,-59.482,-72.692,24.617,BPFO,BPFO×25
bpfo_0.3mm,4567.015,falha,15.471,-63.237,-78.708,20.502,?,?
bpfo_0.3mm,4568.658,falha,7.922,-65.221,-73.143,18.518,?,?
bpfo_0.3mm,4572.533,normal,-12.167,-79.884,-67.716,12.592,?,?
bpfo_0.3mm,4583.101,normal,-21.990,-82.160,-60.171,21.785,?,?
bpfo_0.3mm,4585.879,falha,16.374,-68.262,-84.636,15.318,?,?
bpfo_0.3mm,4586.489,falha,18.272,-65.281,-83.552,18.178,?,?
bpfo_0.3mm,4596.913,falha,8.219,-72.432,-80.650,10.870,?,?
bpfo_0.3mm,4610.131,falha,6.714,-64.082,-70.796,18.881,?,?
bpfo_0.3mm,4613.147,normal,-19.006,-83.152,-64.145,17.316,?,?
bpfo_0.3mm,4616.498,falha,16.783,-62.061,-78.844,21.091,BPFO±eixo,BPFO×25+1·eixo
bpfo_0.3mm,4617.198,falha,16.300,-65.162,-81.462,17.489,?,?
bpfo_0.3mm,4622.125,falha,7.731,-74.285,-82.016,10.314,?,?
bpfo_0.3mm,4626.889,falha,13.012,-66.583,-79.595,18.304,?,?
bpfo_0.3mm,4646.484,falha,14.196,-70.088,-84.284,14.331,?,?
bpfo_0.3mm,4647.108,falha,10.166,-73.883,-84.049,10.536,?,?
bpfo_0.3mm,4648.535,falha,14.820,-69.799,-84.619,14.852,BPFO±eixo,BPFO×26-2·eixo
bpfo_0.3mm,4649.329,falha,8.977,-72.981,-81.957,12.116,?,?
bpfo_0.3mm,4660.491,normal,-20.288,-85.741,-65.453,17.627,motor,motor×192
bpfo_0.3mm,4668.510,normal,-12.346,-81.373,-69.027,14.054,eixo,eixo×93
bpfo_0.3mm,4670.118,falha,16.592,-61.866,-78.458,24.132,?,?
bpfo_0.3mm,4673.145,normal,-21.750,-85.761,-64.011,18.615,?,?
bpfo_0.3mm,4677.709,falha,13.274,-71.787,-85.061,13.615,?,?
bpfo_0.3mm,4680.176,normal,-11.004,-78.625,-67.621,15.223,?,?
bpfo_0.3mm,4686.896,falha,12.646,-70.668,-83.314,14.791,?,?
bpfo_0.3mm,4695.155,normal,-8.632,-79.384,-70.752,12.093,?,?
bpfo_0.3mm,4697.916,falha,10.988,-67.528,-78.516,17.873,?,?
bpfo_0.3mm,4698.745,falha,18.871,-63.803,-82.675,21.457,BPFO±eixo,BPFO×26-1·eixo
bpfo_0.3mm,4699.547,falha,11.927,-67.140,-79.067,18.319,?,?
bpfo_0.3mm,4700.111,falha,9.136,-66.378,-75.514,19.314,?,?
bpfo_0.3mm,4703.179,normal,-17.484,-80.988,-63.504,19.496,?,?
bpfo_0.3mm,4710.744,normal,-12.430,-82.994,-70.564,12.171,?,?
bpfo_0.3mm,4717.503,falha,11.903,-68.559,-80.463,15.631,?,?
bpfo_0.3mm,4721.013,normal,-16.540,-83.118,-66.577,16.370,?,?
bpfo_0.3mm,4727.313,falha,14.276,-68.051,-82.327,16.354,?,?
bpfo_0.3mm,4727.918,falha,19.485,-63.998,-83.483,20.378,?,?
bpfo_0.3mm,4731.348,normal,-16.002,-87.027,-71.024,10.923,?,?
bpfo_0.3mm,4737.152,falha,10.734,-73.248,-83.983,11.638,?,?
bpfo_0.3mm,4741.181,normal,-20.696,-85.070,-64.374,17.171,?,?
bpfo_0.3mm,4747.516,falha,9.778,-69.267,-79.044,15.803,?,?
bpfo_0.3mm,4748.125,falha,17.610,-60.865,-78.475,24.018,?,?
bpfo_0.3mm,4748.938,falha,18.554,-65.562,-84.116,19.146,BPFO,BPFO×26
bpfo_0.3mm,4749.737,falha,7.540,-68.565,-76.105,16.216,?,?
bpfo_0.3mm,4752.887,normal,-18.943,-87.165,-68.222,13.323,?,?
bpfo_0.3mm,4758.531,falha,9.904,-71.086,-80.990,13.277,?,?
bpfo_0.3mm,4761.300,normal,-19.106,-80.480,-61.374,20.891,?,?
bpfo_0.3mm,4767.749,falha,13.426,-65.914,-79.340,18.524,?,?
bpfo_0.3mm,4768.324,falha,16.358,-62.982,-79.340,21.340,?,?
bpfo_0.3mm,4778.120,falha,11.397,-70.271,-81.669,12.542,?,?
bpfo_0.3mm,4782.847,normal,-10.963,-80.356,-69.393,10.657,?,?
bpfo_0.3mm,4790.119,falha,6.661,-72.855,-79.515,10.710,?,?
bpfo_0.3mm,4793.289,normal,-9.303,-78.447,-69.144,12.204,?,?
bpfo_0.3mm,4799.145,falha,18.489,-66.003,-84.492,18.921,BPFO±eixo,BPFO×26+1·eixo
bpfo_0.3mm,4799.919,falha,15.963,-68.361,-84.324,15.874,?,?
bpfo_0.3mm,4801.695,normal,-17.606,-85.730,-68.124,15.303,?,?
bpfo_0.3mm,4808.739,falha,18.332,-65.760,-84.091,19.376,?,?
bpfo_0.3mm,4809.673,falha,14.124,-70.725,-84.849,14.198,?,?
bpfo_0.3mm,4811.445,normal,-9.597,-82.162,-72.565,11.795,?,?
bpfo_0.3mm,4820.928,normal,-10.265,-76.874,-66.609,17.760,?,?
bpfo_0.3mm,4821.852,normal,-11.440,-75.582,-64.142,20.261,?,?
bpfo_0.3mm,4823.205,normal,-11.895,-81.678,-69.783,14.620,?,?
bpfo_0.3mm,4828.339,falha,13.577,-69.696,-83.273,14.845,?,?
bpfo_0.3mm,4828.946,falha,19.509,-66.522,-86.030,17.729,?,?
bpfo_0.3mm,4829.550,falha,16.609,-69.206,-85.815,14.893,?,?
bpfo_0.3mm,4839.703,falha,19.894,-59.285,-79.179,24.942,?,?
bpfo_0.3mm,4841.618,normal,-14.807,-82.901,-68.095,15.416,?,?
bpfo_0.3mm,4842.900,normal,-26.430,-86.513,-60.082,22.332,?,?
bpfo_0.3mm,4848.533,falha,12.686,-65.353,-78.039,19.612,?,?
bpfo_0.3mm,4849.185,falha,15.066,-69.303,-84.369,15.348,BPFO±eixo,BPFO×26+2·eixo
bpfo_0.3mm,4849.717,falha,12.133,-73.079,-85.212,11.768,?,?
bpfo_0.3mm,4853.194,normal,-6.171,-78.733,-72.562,11.134,?,?
bpfo_0.3mm,4858.944,falha,13.014,-71.899,-84.914,13.066,?,?
bpfo_0.3mm,4861.745,normal,-15.201,-84.652,-69.450,13.745,?,?
bpfo_0.3mm,4862.680,normal,-12.642,-81.818,-69.177,14.018,?,?
bpfo_0.3mm,4868.748,falha,6.898,-72.965,-79.864,11.926,?,?
bpfo_0.3mm,4869.771,falha,8.964,-69.052,-78.017,15.432,?,?
bpfo_0.3mm,4872.947,normal,-12.068,-76.899,-64.831,19.289,?,?
bpfo_0.3mm,4879.771,falha,18.257,-66.395,-84.651,17.031,?,?
bpfo_0.3mm,4883.176,normal,-9.554,-80.696,-71.142,13.912,?,?
bpfo_0.3mm,4889.921,falha,15.050,-66.031,-81.081,16.029,?,?
bpfo_0.3mm,4892.638,normal,-6.264,-77.654,-71.390,14.303,?,?
bpfo_0.3mm,4893.186,normal,-14.537,-86.256,-71.719,13.710,?,?
bpfo_0.3mm,4899.414,falha,17.607,-70.301,-87.908,11.813,?,?
bpfo_0.3mm,4899.938,falha,18.231,-68.952,-87.184,13.616,?,?
bpfo_0.3mm,4902.875,normal,-16.761,-85.278,-68.517,17.512,motor,motor×202
bpfo_0.3mm,4909.148,falha,16.380,-69.523,-85.903,13.850,?,?
bpfo_0.3mm,4909.821,falha,23.341,-65.252,-88.593,17.969,?,?
bpfo_0.3mm,4917.770,normal,-8.715,-79.804,-71.089,14.458,?,?
bpfo_0.3mm,4922.704,normal,-18.146,-85.848,-67.701,17.079,?,?
bpfo_0.3mm,4929.358,falha,13.106,-69.924,-83.029,12.916,?,?
bpfo_0.3mm,4929.970,falha,17.266,-61.679,-78.944,21.146,?,?
bpfo_0.3mm,4930.570,falha,14.573,-71.171,-85.744,11.570,?,?
bpfo_0.3mm,4931.625,falha,12.756,-66.460,-79.215,16.380,BPFO,BPFO×27
bpfo_0.3mm,4940.101,falha,16.064,-66.817,-82.882,16.437,?,?
bpfo_0.3mm,4942.087,normal,-14.091,-80.793,-66.703,18.711,?,?
bpfo_0.3mm,4942.864,normal,-9.469,-74.183,-64.713,20.739,?,?
bpfo_0.3mm,4950.164,falha,16.427,-65.619,-82.046,18.719,?,?
bpfo_0.3mm,4952.714,normal,-8.988,-83.884,-74.895,10.061,?,?
bpfo_0.3mm,4959.732,falha,15.439,-68.388,-83.827,16.270,?,?
bpfo_0.3mm,4963.040,normal,-23.284,-85.689,-62.404,21.522,?,?
bpfo_0.3mm,4966.247,normal,-12.779,-78.205,-65.425,18.855,?,?
bpfo_0.3mm,4970.334,falha,9.400,-71.771,-81.171,12.545,?,?
bpfo_0.3mm,4973.133,normal,-17.028,-83.684,-66.657,15.935,?,?
bpfo_0.3mm,4980.169,falha,6.175,-72.273,-78.448,10.800,?,?
bpfo_0.3mm,4981.827,falha,10.562,-68.530,-79.093,14.543,BPFO±eixo,BPFO×27+1·eixo
bpfo_0.3mm,4983.664,normal,-7.446,-79.628,-72.182,10.542,?,?
bpfo_0.3mm,4989.695,falha,13.861,-72.589,-86.451,10.123,?,?
bpfo_0.3mm,4991.143,falha,14.745,-67.866,-82.611,14.497,?,?
bpfo_0.3mm,4993.090,normal,-12.313,-81.118,-68.804,14.374,?,?
bpfo_0.3mm,5000.376,falha,13.387,-72.954,-86.341,11.039,motor,motor×206
bpfo_0.3mm,5003.963,normal,-14.721,-85.045,-70.324,14.501,?,?
bpfo_0.3mm,5009.296,falha,9.550,-73.133,-82.683,10.679,?,?
bpfo_0.3mm,5011.398,falha,9.799,-66.851,-76.650,17.142,?,?
bpfo_0.3mm,5013.242,normal,-6.096,-78.148,-72.052,11.182,?,?
bpfo_0.3mm,5014.709,normal,-11.700,-80.252,-68.552,14.519,?,?
bpfo_0.3mm,5019.706,falha,8.774,-71.994,-80.768,10.620,eixo,eixo×100
bpfo_0.3mm,5021.859,normal,-6.177,-78.145,-71.968,11.167,?,?
bpfo_0.3mm,5023.647,normal,-18.732,-84.014,-65.283,17.788,?,?
bpfo_0.3mm,5030.380,falha,18.336,-68.541,-86.877,14.133,?,?
bpfo_0.3mm,5030.987,falha,14.748,-70.949,-85.697,11.665,?,?
bpfo_0.3mm,5031.611,falha,17.641,-68.055,-85.697,14.654,?,?
bpfo_0.3mm,5033.363,normal,-6.082,-77.467,-71.385,12.082,?,?
bpfo_0.3mm,5044.257,normal,-7.762,-77.562,-69.799,15.119,?,?
bpfo_0.3mm,5049.705,falha,13.105,-71.847,-84.951,11.981,?,?
bpfo_0.3mm,5050.583,falha,12.960,-73.079,-86.039,11.209,?,?
bpfo_0.3mm,5051.807,falha,11.360,-73.604,-84.964,10.321,?,?
bpfo_0.3mm,5053.649,normal,-7.171,-80.585,-73.414,10.345,?,?
bpfo_0.3mm,5060.118,falha,13.452,-66.903,-80.355,17.116,?,?
bpfo_0.3mm,5061.601,falha,12.211,-67.773,-79.984,16.076,?,?
bpfo_0.3mm,5070.101,normal,-6.510,-78.246,-71.737,11.943,eixo,eixo×101
bpfo_0.3mm,5072.015,falha,7.860,-72.263,-80.123,10.317,?,?
bpfo_0.3mm,5085.778,normal,-9.283,-81.417,-72.134,11.683,?,?
bpfo_0.3mm,5088.021,falha,8.110,-69.088,-77.198,14.836,?,?
bpfo_0.3mm,5090.114,falha,14.712,-70.354,-85.066,13.397,?,?
bpfo_0.3mm,5091.599,falha,18.498,-67.081,-85.578,16.505,?,?
bpfo_0.3mm,5093.402,normal,-8.505,-79.799,-71.294,11.972,?,?
bpfo_0.3mm,5104.329,normal,-9.035,-80.982,-71.947,10.479,?,?
bpfo_0.3mm,5109.699,falha,12.511,-70.349,-82.860,12.852,?,?
bpfo_0.3mm,5112.258,falha,9.059,-65.309,-74.368,17.305,?,?
bpfo_0.3mm,5113.199,normal,-9.919,-80.307,-70.387,11.255,?,?
bpfo_0.3mm,5114.270,falha,16.576,-59.981,-76.558,22.420,BPFO,BPFO×28
bpfo_0.3mm,5115.103,falha,10.007,-65.188,-75.195,17.298,?,?
bpfo_0.3mm,5120.308,normal,-11.159,-75.928,-64.769,16.774,eixo,eixo×102
bpfo_0.3mm,5124.523,normal,-15.996,-78.357,-62.361,18.804,?,?
bpfo_0.3mm,5136.488,falha,6.680,-69.638,-76.318,13.347,?,?
bpfo_0.3mm,5139.693,falha,6.708,-71.069,-77.777,12.048,?,?
bpfo_0.3mm,5143.209,normal,-11.409,-76.473,-65.064,16.193,?,?
bpfo_0.3mm,5144.692,normal,-18.403,-79.694,-61.292,19.676,?,?
bpfo_0.3mm,5146.881,falha,8.258,-66.336,-74.594,16.832,?,?
bpfo_0.3mm,5147.999,normal,-6.575,-74.061,-67.486,13.253,?,?
bpfo_0.3mm,5171.120,falha,8.034,-69.046,-77.080,13.141,?,?
bpfo_0.3mm,5173.025,falha,16.846,-63.412,-80.258,18.901,?,?
bpfo_0.3mm,5184.370,normal,-12.821,-81.073,-68.253,13.778,?,?
bpfo_0.3mm,5185.047,normal,-9.013,-77.862,-68.849,13.277,?,?
bpfo_0.3mm,5185.498,normal,-12.491,-81.177,-68.687,13.440,?,?
bpfo_0.3mm,5186.070,normal,-9.923,-80.916,-70.993,11.134,?,?
bpfo_0.3mm,5193.241,falha,14.441,-62.021,-76.462,21.778,?,?
bpfo_0.3mm,5194.767,normal,-6.400,-74.033,-67.633,14.646,motor,motor×214
bpfo_0.3mm,5198.196,normal,-9.646,-77.990,-68.344,15.261,?,?
bpfo_0.3mm,5203.099,normal,-13.449,-82.782,-69.332,13.077,?,?
bpfo_0.3mm,5205.231,normal,-19.303,-83.919,-64.616,17.270,?,?
bpfo_0.3mm,5207.476,falha,8.805,-71.682,-80.487,11.676,?,?
bpfo_0.3mm,5210.937,falha,8.684,-71.846,-80.530,12.064,?,?
bpfo_0.3mm,5213.450,falha,6.006,-66.573,-72.578,16.419,?,?
bpfo_0.3mm,5220.688,normal,-8.410,-71.998,-63.588,15.874,eixo,eixo×104
bpfo_0.3mm,5223.216,falha,9.882,-66.355,-76.237,14.656,?,?
bpfo_0.3mm,5240.111,falha,9.918,-72.860,-82.777,10.073,?,?
bpfo_0.3mm,5244.978,normal,-11.330,-76.606,-65.275,17.084,?,?
bpfo_0.3mm,5253.860,falha,9.547,-67.788,-77.334,15.209,?,?
bpfo_0.3mm,5263.654,falha,-7.707,-70.144,-62.437,13.742,?,?
bpfo_0.3mm,5265.700,normal,-8.170,-75.851,-67.682,14.513,?,?
bpfo_0.3mm,5269.160,normal,-10.146,-81.886,-71.740,12.536,?,?
bpfo_0.3mm,5270.897,normal,-11.002,-71.923,-60.921,22.534,eixo,eixo×105
bpfo_0.3mm,5273.439,falha,13.313,-64.319,-77.632,18.886,?,?
bpfo_0.3mm,5280.185,falha,11.024,-74.159,-85.184,10.086,?,?
bpfo_0.3mm,5281.911,falha,7.144,-73.052,-80.196,11.044,?,?
bpfo_0.3mm,5282.997,normal,-12.743,-83.334,-70.590,13.483,?,?
bpfo_0.3mm,5284.751,normal,-8.485,-78.335,-69.850,13.605,?,?
bpfo_0.3mm,5293.659,falha,7.204,-66.237,-73.441,18.627,?,?
bpfo_0.3mm,5295.136,normal,-12.970,-75.320,-62.350,20.252,?,?
bpfo_0.3mm,5296.914,falha,13.425,-60.147,-73.571,25.260,BPFO,BPFO×29
bpfo_0.3mm,5297.805,falha,19.612,-64.849,-84.461,20.203,?,?
bpfo_0.3mm,5304.522,falha,8.526,-73.346,-81.872,11.829,?,?
bpfo_0.3mm,5306.054,normal,-15.679,-81.846,-66.166,16.392,?,?
bpfo_0.3mm,5313.854,falha,6.938,-69.221,-76.159,15.901,?,?
bpfo_0.3mm,5315.882,normal,-15.798,-85.891,-70.093,12.220,motor,motor×219
bpfo_0.3mm,5319.699,falha,6.183,-68.652,-74.836,16.067,?,?
bpfo_0.3mm,5321.094,normal,-8.463,-76.546,-68.083,15.369,eixo,eixo×106
bpfo_0.3mm,5323.248,normal,-8.906,-75.840,-66.934,16.116,?,?
bpfo_0.3mm,5323.761,falha,-6.397,-74.526,-68.130,10.057,?,?
bpfo_0.3mm,5326.270,normal,-16.421,-82.170,-65.749,16.564,?,?
bpfo_0.3mm,5328.727,falha,10.851,-73.707,-84.558,10.619,?,?
bpfo_0.3mm,5329.757,normal,-7.663,-77.440,-69.777,13.176,?,?
bpfo_0.3mm,5330.389,falha,9.860,-70.154,-80.014,14.361,?,?
bpfo_0.3mm,5352.897,falha,10.363,-69.075,-79.438,14.733,?,?
bpfo_0.3mm,5354.296,falha,6.231,-70.118,-76.349,13.690,?,?
bpfo_0.3mm,5360.099,falha,13.893,-71.673,-85.565,11.894,?,?
bpfo_0.3mm,5363.642,normal,-7.836,-76.152,-68.316,14.122,?,?
bpfo_0.3mm,5366.583,normal,-7.495,-74.868,-67.374,14.717,?,?
bpfo_0.3mm,5371.300,normal,-9.864,-68.938,-59.073,23.017,eixo,eixo×107
bpfo_0.3mm,5374.469,falha,15.510,-70.193,-85.703,12.669,?,?
bpfo_0.3mm,5375.083,falha,18.494,-66.043,-84.537,16.780,?,?
bpfo_0.3mm,5377.128,falha,10.199,-70.118,-80.317,12.898,?,?
bpfo_0.3mm,5378.874,falha,12.972,-63.079,-76.051,19.744,?,?
bpfo_0.3mm,5380.594,falha,12.251,-67.667,-79.918,15.404,?,?
bpfo_0.3mm,5383.266,normal,-28.322,-86.331,-58.008,24.635,?,?
bpfo_0.3mm,5389.243,falha,10.160,-72.116,-82.275,10.112,motor,motor×222
bpfo_0.3mm,5395.530,normal,-10.404,-74.809,-64.405,17.801,?,?
bpfo_0.3mm,5403.101,falha,10.992,-56.281,-67.273,25.080,?,?
bpfo_0.3mm,5404.995,falha,14.225,-69.163,-83.388,11.887,?,?
bpfo_0.3mm,5407.554,normal,-8.682,-80.158,-71.476,11.691,?,?
bpfo_0.3mm,5409.692,falha,17.109,-62.993,-80.102,19.745,?,?
bpfo_0.3mm,5413.369,normal,-14.447,-80.657,-66.210,17.504,motor,motor×223
bpfo_0.3mm,5416.948,falha,8.404,-70.253,-78.657,13.166,?,?
bpfo_0.3mm,5420.095,falha,13.690,-72.593,-86.283,10.778,?,?
bpfo_0.3mm,5421.502,normal,-11.270,-82.714,-71.444,11.909,eixo,eixo×108
bpfo_0.3mm,5428.415,normal,-10.278,-81.877,-71.599,10.906,?,?
bpfo_0.3mm,5429.331,falha,22.412,-64.817,-87.229,18.164,BPFO±eixo,BPFO×30-1·eixo
bpfo_0.3mm,5438.812,normal,-7.601,-75.051,-67.449,14.912,?,?
bpfo_0.3mm,5447.459,normal,-10.384,-78.139,-67.756,14.380,?,?
bpfo_0.3mm,5453.303,falha,7.080,-67.592,-74.672,15.736,?,?
bpfo_0.3mm,5455.221,falha,14.506,-71.946,-86.452,11.383,?,?
bpfo_0.3mm,5457.827,normal,-16.178,-82.905,-66.727,16.414,?,?
bpfo_0.3mm,5463.831,falha,8.779,-67.681,-76.460,15.423,?,?
bpfo_0.3mm,5469.691,falha,19.967,-63.134,-83.101,19.636,?,?
bpfo_0.3mm,5471.699,normal,-11.834,-71.686,-59.852,22.979,eixo,eixo×109
bpfo_0.3mm,5473.312,normal,-18.364,-85.809,-67.445,15.386,?,?
bpfo_0.3mm,5475.497,falha,16.528,-61.300,-77.828,22.515,?,?
bpfo_0.3mm,5477.542,falha,6.584,-69.449,-76.033,14.582,?,?
bpfo_0.3mm,5479.534,falha,24.157,-61.796,-85.953,21.539,BPFO,BPFO×30
bpfo_0.3mm,5480.088,falha,14.266,-60.354,-74.620,23.461,?,?
bpfo_0.3mm,5480.962,falha,15.256,-68.868,-84.124,14.792,?,?
bpfo_0.3mm,5483.191,normal,-13.211,-82.236,-69.024,13.514,?,?
bpfo_0.3mm,5483.754,normal,-16.213,-82.510,-66.298,15.832,?,?
bpfo_0.3mm,5487.648,normal,-16.414,-78.071,-61.657,20.184,?,?
bpfo_0.3mm,5489.682,falha,7.929,-70.708,-78.638,12.952,?,?
bpfo_0.3mm,5495.701,falha,7.543,-59.032,-66.575,24.589,?,?
bpfo_0.3mm,5496.583,falha,12.064,-68.809,-80.873,14.564,?,?
bpfo_0.3mm,5499.692,falha,21.255,-59.838,-81.094,22.673,?,?
bpfo_0.3mm,5502.888,normal,-8.913,-67.371,-58.458,24.836,?,?
bpfo_0.3mm,5507.983,normal,-15.885,-86.248,-70.363,12.397,?,?
bpfo_0.3mm,5510.108,falha,6.881,-67.965,-74.846,15.321,motor,motor×227
bpfo_0.3mm,5513.695,normal,-13.226,-81.274,-68.047,15.970,?,?
bpfo_0.3mm,5521.895,normal,-14.769,-83.239,-68.470,14.285,eixo,eixo×110
bpfo_0.3mm,5527.091,normal,-9.993,-76.812,-66.819,15.937,?,?
bpfo_0.3mm,5529.725,falha,15.746,-68.141,-83.887,16.499,BPFO±eixo,BPFO×30+1·eixo
bpfo_0.3mm,5530.688,falha,6.754,-73.329,-80.083,12.838,?,?
bpfo_0.3mm,5533.313,normal,-19.061,-81.756,-62.695,20.613,?,?
bpfo_0.3mm,5536.110,falha,7.787,-66.202,-73.989,20.396,?,?
bpfo_0.3mm,5536.677,falha,9.327,-71.143,-80.470,15.455,?,?
bpfo_0.3mm,5540.097,falha,14.968,-72.509,-87.476,14.285,?,?
bpfo_0.3mm,5543.350,normal,-10.557,-84.212,-73.655,11.704,?,?
bpfo_0.3mm,5548.177,normal,-17.458,-80.752,-63.294,22.017,?,?
bpfo_0.3mm,5549.279,falha,8.580,-74.316,-82.896,12.377,?,?
bpfo_0.3mm,5553.710,falha,6.621,-69.516,-76.137,16.734,?,?
bpfo_0.3mm,5556.314,falha,12.833,-70.391,-83.224,15.867,?,?
bpfo_0.3mm,5558.188,normal,-17.806,-89.091,-71.285,13.085,motor,motor×229
bpfo_0.3mm,5561.704,normal,-6.615,-80.955,-74.340,10.531,BPFO±eixo,BPFO×31-2·eixo
bpfo_0.3mm,5563.427,normal,-21.155,-84.349,-63.194,21.214,?,?
bpfo_0.3mm,5570.101,falha,6.455,-72.812,-79.267,12.857,?,?
bpfo_0.3mm,5572.092,normal,-15.993,-84.909,-68.916,14.369,eixo,eixo×111
bpfo_0.3mm,5576.511,falha,6.389,-75.316,-81.705,10.568,?,?
bpfo_0.3mm,5579.881,falha,10.094,-73.530,-83.625,12.322,BPFO±eixo,BPFO×30+2·eixo
bpfo_0.3mm,5583.604,normal,-14.904,-84.361,-69.457,14.663,?,?
bpfo_0.3mm,5588.171,normal,-11.160,-85.057,-73.897,10.100,?,?
bpfo_0.3mm,5589.699,falha,11.690,-64.607,-76.297,21.118,?,?
bpfo_0.3mm,5593.465,normal,-15.498,-87.729,-72.230,12.759,?,?
bpfo_0.3mm,5596.111,falha,11.908,-71.320,-83.228,14.234,?,?
bpfo_0.3mm,5598.081,normal,-13.955,-87.736,-73.781,11.257,?,?
bpfo_0.3mm,5599.488,falha,8.175,-73.406,-81.581,12.147,?,?
bpfo_0.3mm,5600.101,falha,21.634,-63.237,-84.871,22.041,?,?
bpfo_0.3mm,5603.803,normal,-16.190,-78.828,-62.638,22.968,?,?
bpfo_0.3mm,5607.142,falha,9.902,-74.028,-83.931,10.926,motor,motor×231
bpfo_0.3mm,5611.990,falha,13.070,-69.633,-82.703,15.547,BPFO±eixo,BPFO×31-1·eixo
bpfo_0.3mm,5612.958,falha,12.062,-74.112,-86.174,11.365,?,?
bpfo_0.3mm,5620.559,normal,-17.441,-81.567,-64.126,21.944,?,?
bpfo_0.3mm,5621.234,falha,11.553,-66.249,-77.803,19.802,?,?
bpfo_0.3mm,5622.292,normal,-11.827,-83.656,-71.829,14.217,eixo,eixo×112
bpfo_0.3mm,5626.735,falha,10.315,-76.841,-87.156,10.738,?,?
bpfo_0.3mm,5627.343,falha,11.949,-74.121,-86.070,13.458,?,?
bpfo_0.3mm,5628.406,normal,-6.544,-80.215,-73.670,12.053,?,?
bpfo_0.3mm,5628.874,normal,-10.680,-83.750,-73.070,12.654,?,?
bpfo_0.3mm,5630.078,falha,10.654,-76.036,-86.690,10.987,?,?
bpfo_0.3mm,5633.284,normal,-7.629,-82.350,-74.721,11.325,?,?
bpfo_0.3mm,5633.858,normal,-10.047,-82.350,-72.303,13.810,?,?
bpfo_0.3mm,5637.134,falha,19.476,-66.636,-86.113,20.307,?,?
bpfo_0.3mm,5644.786,normal,-11.617,-87.227,-75.610,10.087,?,?
bpfo_0.3mm,5646.521,normal,-7.654,-83.221,-75.567,10.313,?,?
bpfo_0.3mm,5647.204,falha,9.252,-76.693,-85.945,10.791,?,?
bpfo_0.3mm,5649.690,falha,20.896,-58.981,-79.877,28.357,?,?
bpfo_0.3mm,5653.475,normal,-20.292,-84.898,-64.605,21.972,?,?
bpfo_0.3mm,5662.198,falha,13.153,-70.324,-83.477,17.705,BPFO,BPFO×31
bpfo_0.3mm,5667.754,falha,6.414,-71.471,-77.885,16.572,?,?
bpfo_0.3mm,5669.058,normal,-9.788,-76.004,-66.215,20.030,?,?
bpfo_0.3mm,5670.757,normal,-12.893,-89.298,-76.405,10.288,?,?
bpfo_0.3mm,5671.441,falha,9.117,-76.220,-85.337,12.150,?,?
bpfo_0.3mm,5677.546,falha,15.448,-68.621,-84.069,20.070,?,?
bpfo_0.3mm,5681.828,falha,11.221,-74.152,-85.373,14.405,?,?
bpfo_0.3mm,5683.378,normal,-14.731,-86.540,-71.809,13.530,?,?
bpfo_0.3mm,5687.340,falha,7.117,-74.939,-82.056,12.932,?,?
bpfo_0.3mm,5688.960,normal,-21.239,-86.591,-65.352,19.505,?,?
bpfo_0.3mm,5692.208,falha,8.738,-76.119,-84.857,11.264,?,?
bpfo_0.3mm,5693.384,normal,-7.638,-77.576,-69.938,15.164,?,?
bpfo_0.3mm,5697.739,falha,10.090,-72.006,-82.096,14.473,?,?
bpfo_0.3mm,5699.895,falha,17.143,-68.125,-85.268,18.101,?,?
bpfo_0.3mm,5703.664,normal,-16.329,-88.100,-71.771,13.911,?,?
bpfo_0.3mm,5705.382,normal,-13.798,-82.823,-69.025,16.243,?,?
bpfo_0.3mm,5715.768,normal,-9.607,-82.742,-73.135,12.888,?,?
bpfo_0.3mm,5717.956,falha,9.094,-62.059,-71.153,25.352,?,?
bpfo_0.3mm,5720.047,falha,8.258,-70.346,-78.604,17.173,?,?
bpfo_0.3mm,5720.957,normal,-15.212,-83.005,-67.793,18.096,?,?
bpfo_0.3mm,5722.688,normal,-13.270,-87.519,-74.250,11.753,eixo,eixo×114
bpfo_0.3mm,5727.747,falha,16.528,-70.555,-87.083,17.464,?,?
bpfo_0.3mm,5729.639,normal,-8.911,-76.177,-67.266,16.154,?,?
bpfo_0.3mm,5741.731,normal,-6.555,-72.934,-66.379,17.394,?,?
bpfo_0.3mm,5742.444,falha,7.450,-66.624,-74.074,18.785,?,?
bpfo_0.3mm,5743.150,falha,9.712,-73.210,-82.922,12.378,?,?
bpfo_0.3mm,5750.098,falha,17.604,-60.173,-77.778,24.705,?,?
bpfo_0.3mm,5753.930,normal,-19.059,-87.903,-68.844,17.681,?,?
bpfo_0.3mm,5758.353,falha,15.360,-71.549,-86.909,14.200,?,?
bpfo_0.3mm,5765.963,normal,-11.907,-78.424,-66.517,20.425,?,?
bpfo_0.3mm,5768.374,falha,12.343,-75.100,-87.442,12.097,?,?
bpfo_0.3mm,5769.430,normal,-10.672,-81.145,-70.473,16.352,?,?
bpfo_0.3mm,5772.890,normal,-18.083,-87.099,-69.016,17.756,eixo,eixo×115
bpfo_0.3mm,5783.890,normal,-7.431,-80.437,-73.007,13.472,?,?
bpfo_0.3mm,5790.196,normal,-13.747,-79.857,-66.111,19.868,?,?
bpfo_0.3mm,5792.627,falha,11.049,-67.577,-78.626,19.200,?,?
bpfo_0.3mm,5793.671,normal,-7.698,-82.464,-74.766,11.189,?,?
bpfo_0.3mm,5802.313,normal,-12.651,-85.689,-73.038,12.048,?,?
bpfo_0.3mm,5805.781,normal,-14.672,-85.779,-71.108,14.464,?,?
bpfo_0.3mm,5809.186,falha,12.648,-68.575,-81.223,18.661,?,?
bpfo_0.3mm,5816.860,falha,19.615,-67.030,-86.645,20.792,?,?
bpfo_0.3mm,5817.898,normal,-10.112,-83.974,-73.863,11.581,?,?
bpfo_0.3mm,5818.978,falha,19.433,-66.889,-86.323,20.875,?,?
bpfo_0.3mm,5828.986,falha,9.382,-77.140,-86.522,10.928,?,?
bpfo_0.3mm,5830.084,normal,-13.126,-83.243,-70.117,15.104,?,?
bpfo_0.3mm,5830.615,normal,-7.363,-78.535,-71.172,14.352,?,?
bpfo_0.3mm,5839.179,falha,24.582,-60.943,-85.524,25.986,?,?
bpfo_0.3mm,5841.099,falha,6.491,-68.671,-75.161,18.167,?,?
bpfo_0.3mm,5842.133,normal,-16.334,-84.273,-67.938,17.259,?,?
bpfo_0.3mm,5843.909,normal,-11.013,-86.929,-75.915,10.361,?,?
bpfo_0.3mm,5844.863,falha,17.122,-71.115,-88.237,16.033,BPFO,BPFO×32
bpfo_0.3mm,5845.880,falha,9.286,-74.703,-83.988,12.684,?,?
bpfo_0.3mm,5849.591,falha,14.010,-65.586,-79.596,20.963,motor,motor×241
bpfo_0.3mm,5850.784,normal,-12.266,-85.173,-72.907,13.871,?,?
bpfo_0.3mm,5853.216,falha,11.011,-70.486,-81.496,16.064,?,?
bpfo_0.3mm,5859.392,falha,20.611,-67.659,-88.270,19.600,?,?
bpfo_0.3mm,5864.631,normal,-11.943,-86.266,-74.323,12.830,?,?
bpfo_0.3mm,5866.361,normal,-17.197,-83.934,-66.737,20.491,?,?
bpfo_0.3mm,5869.188,falha,16.675,-71.268,-87.942,14.264,?,?
bpfo_0.3mm,5871.013,normal,-23.905,-89.071,-65.166,22.138,?,?
bpfo_0.3mm,5873.315,normal,-16.120,-88.931,-72.811,14.529,eixo,eixo×117
bpfo_0.3mm,5877.455,falha,12.464,-74.653,-87.117,10.879,?,?
bpfo_0.3mm,5878.476,normal,-11.580,-86.710,-75.130,12.653,?,?
bpfo_0.3mm,5879.599,falha,18.617,-67.733,-86.350,17.799,?,?
bpfo_0.3mm,5890.597,normal,-16.928,-85.103,-68.175,18.846,?,?
bpfo_0.3mm,5895.071,falha,13.197,-72.744,-85.941,12.134,BPFO±eixo,BPFO×32+1·eixo
bpfo_0.3mm,5899.849,falha,9.280,-65.138,-74.418,19.287,?,?
bpfo_0.3mm,5902.720,normal,-13.589,-86.711,-73.121,12.570,?,?
bpfo_0.3mm,5905.307,falha,11.836,-44.627,-56.463,40.453,?,?
bpfo_0.3mm,5913.104,normal,-12.833,-87.968,-75.134,11.080,?,?
bpfo_0.3mm,5913.816,falha,9.887,-76.361,-86.249,10.420,?,?
bpfo_0.3mm,5916.561,normal,-11.004,-86.233,-75.228,12.143,?,?
bpfo_0.3mm,5919.699,falha,17.533,-64.493,-82.026,22.825,?,?
bpfo_0.3mm,5923.519,normal,-19.834,-87.318,-67.484,19.616,eixo,eixo×118
bpfo_0.3mm,5925.937,falha,13.291,-75.946,-89.237,12.309,?,?
bpfo_0.3mm,5926.957,normal,-8.079,-84.603,-76.525,10.781,BPFO±eixo,BPFO×33-2·eixo
bpfo_0.3mm,5947.727,normal,-13.019,-85.979,-72.960,14.312,?,?
bpfo_0.3mm,5948.436,falha,9.094,-74.371,-83.465,12.169,?,?
bpfo_0.3mm,5950.614,falha,8.139,-70.935,-79.075,15.604,?,?
bpfo_0.3mm,5969.910,falha,11.960,-74.016,-85.976,12.850,?,?
bpfo_0.3mm,5973.702,normal,-17.927,-88.168,-70.241,15.734,eixo,eixo×119
bpfo_0.3mm,5977.320,falha,13.109,-68.898,-82.008,18.402,BPFO±eixo,BPFO×33-1·eixo
bpfo_0.3mm,5979.682,falha,19.141,-69.435,-88.575,17.005,?,?
bpfo_0.3mm,5984.046,normal,-13.018,-88.838,-75.820,10.558,?,?
bpfo_0.3mm,5992.069,normal,-10.767,-85.740,-74.973,12.384,?,?
bpfo_0.3mm,5998.633,falha,8.969,-76.416,-85.385,10.353,?,?
bpfo_0.3mm,6000.819,falha,13.594,-70.645,-84.239,16.431,?,?
bpfo_0.3mm,6010.730,falha,7.063,-76.300,-83.363,11.658,?,?
bpfo_0.3mm,6020.091,falha,21.788,-58.943,-80.730,29.439,motor,motor×248
bpfo_0.3mm,6021.022,falha,16.350,-70.117,-86.467,18.195,?,?
bpfo_0.3mm,6024.024,normal,-14.852,-81.445,-66.592,20.808,eixo,eixo×120
bpfo_0.3mm,6024.613,falha,-7.898,-76.198,-68.300,12.600,?,?
bpfo_0.3mm,6027.523,falha,16.547,-67.255,-83.802,21.127,BPFO,BPFO×33
bpfo_0.3mm,6028.530,falha,14.271,-71.806,-86.077,16.547,?,?
bpfo_0.3mm,6032.494,normal,-11.398,-88.182,-76.784,10.329,?,?
bpfo_0.3mm,6037.732,normal,-10.793,-85.801,-75.008,12.672,?,?
bpfo_0.3mm,6039.680,falha,7.312,-75.545,-82.857,11.910,?,?
bpfo_0.3mm,6041.223,falha,10.843,-71.235,-82.078,17.011,?,?
bpfo_0.3mm,6042.901,normal,-12.406,-87.357,-74.951,11.606,?,?
bpfo_0.3mm,6050.093,falha,11.195,-73.842,-85.037,13.569,?,?
bpfo_0.3mm,6051.032,falha,6.564,-72.451,-79.016,15.004,?,?
bpfo_0.3mm,6054.041,normal,-17.730,-86.926,-69.196,18.105,?,?
bpfo_0.3mm,6056.769,normal,-6.504,-83.686,-77.182,10.822,?,?
bpfo_0.3mm,6057.497,falha,9.597,-74.783,-84.380,13.409,?,?
bpfo_0.3mm,6059.221,falha,7.250,-77.401,-84.651,10.261,?,?
bpfo_0.3mm,6060.247,normal,-6.801,-83.511,-76.711,11.079,?,?
bpfo_0.3mm,6063.700,normal,-14.113,-89.602,-75.489,11.172,?,?
bpfo_0.3mm,6069.670,falha,16.736,-71.251,-87.987,15.259,?,?
bpfo_0.3mm,6073.750,normal,-16.861,-92.737,-75.876,11.942,?,?
bpfo_0.3mm,6077.724,falha,15.158,-71.400,-86.558,16.262,BPFO±eixo,BPFO×33+1·eixo
bpfo_0.3mm,6078.751,falha,11.680,-75.248,-86.928,11.181,?,?
bpfo_0.3mm,6081.642,falha,19.929,-68.673,-88.603,17.195,?,?
bpfo_0.3mm,6087.934,normal,-19.869,-83.531,-63.662,21.795,?,?
bpfo_0.3mm,6088.652,falha,7.367,-70.218,-77.585,13.750,?,?
bpfo_0.3mm,6092.970,normal,-13.341,-84.372,-71.031,13.182,motor,motor×251
bpfo_0.3mm,6106.976,normal,-11.634,-84.587,-72.952,11.471,?,?
bpfo_0.3mm,6112.172,normal,-9.531,-79.843,-70.312,14.846,?,?
bpfo_0.3mm,6115.628,normal,-12.693,-87.268,-74.575,11.646,?,?
bpfo_0.3mm,6123.730,falha,-13.786,-76.158,-62.372,11.677,?,?
bpfo_0.3mm,6125.016,falha,10.132,-64.098,-74.231,23.762,?,?
bpfo_0.3mm,6126.014,normal,-14.899,-90.046,-75.147,11.149,?,?
bpfo_0.3mm,6131.879,falha,9.104,-72.399,-81.503,14.951,?,?
bpfo_0.3mm,6136.409,normal,-16.697,-90.569,-73.872,11.880,?,?
bpfo_0.3mm,6137.138,falha,6.822,-76.625,-83.447,11.209,?,?
bpfo_0.3mm,6138.133,normal,-24.833,-87.762,-62.930,22.980,?,?
bpfo_0.3mm,6140.586,falha,11.439,-75.427,-86.866,12.336,?,?
bpfo_0.3mm,6142.315,falha,8.444,-77.308,-85.752,11.270,?,?
bpfo_0.3mm,6143.340,normal,-14.317,-88.578,-74.261,10.834,?,?
bpfo_0.3mm,6148.011,normal,-8.189,-78.572,-70.382,15.214,?,?
bpfo_0.3mm,6149.254,falha,8.411,-72.359,-80.771,15.249,?,?
bpfo_0.3mm,6150.251,normal,-17.415,-85.169,-67.754,17.341,?,?
bpfo_0.3mm,6150.982,falha,10.103,-69.971,-80.074,17.227,?,?
bpfo_0.3mm,6151.980,normal,-13.504,-81.774,-68.270,16.674,?,?
bpfo_0.3mm,6153.625,normal,-10.522,-84.986,-74.464,10.480,?,?
bpfo_0.3mm,6157.168,normal,-13.160,-88.699,-75.539,10.101,?,?
bpfo_0.3mm,6161.082,falha,-7.121,-73.353,-66.232,14.192,?,?
bpfo_0.3mm,6162.366,normal,-8.972,-80.092,-71.120,12.710,?,?
bpfo_0.3mm,6174.487,normal,-24.104,-81.390,-57.285,27.514,eixo,eixo×123
bpfo_0.3mm,6175.221,falha,9.377,-59.076,-68.453,28.397,?,?
bpfo_0.3mm,6176.209,normal,-17.971,-85.411,-67.440,17.505,?,?
bpfo_0.3mm,6176.951,falha,12.836,-68.836,-81.672,18.646,?,?
bpfo_0.3mm,6184.875,normal,-10.682,-84.279,-73.597,10.179,?,?
bpfo_0.3mm,6186.606,normal,-19.932,-87.577,-67.645,16.243,?,?
bpfo_0.3mm,6188.329,normal,-18.687,-88.066,-69.379,14.485,?,?
bpfo_0.3mm,6190.797,falha,11.114,-71.804,-82.917,12.574,?,?
bpfo_0.3mm,6191.798,normal,-13.070,-85.606,-72.536,10.292,?,?
bpfo_0.3mm,6193.747,normal,-6.461,-78.262,-71.801,11.116,?,?
bpfo_0.3mm,6198.724,normal,-19.119,-84.378,-65.259,17.036,?,?
bpfo_0.3mm,6199.463,falha,6.129,-68.600,-74.730,15.592,?,?
bpfo_0.3mm,6200.447,normal,-22.378,-77.902,-55.524,26.771,?,?
bpfo_0.3mm,6201.189,falha,8.542,-59.772,-68.314,24.552,?,?
bpfo_0.3mm,6202.179,normal,-18.508,-83.864,-65.356,16.242,?,?
bpfo_0.3mm,6210.836,normal,-8.642,-70.452,-61.810,21.957,?,?
bpfo_0.3mm,6212.561,normal,-20.136,-88.433,-68.297,15.192,?,?
bpfo_0.3mm,6215.039,falha,11.829,-72.974,-84.803,13.873,?,?
bpfo_0.3mm,6216.026,normal,-16.978,-89.355,-72.377,11.937,?,?
bpfo_0.3mm,6219.677,falha,9.363,-75.046,-84.409,11.693,?,?
bpfo_0.3mm,6224.682,normal,-29.476,-78.833,-49.357,34.046,eixo,eixo×124
bpfo_0.3mm,6226.415,normal,-20.544,-85.283,-64.739,19.124,?,?
bpfo_0.3mm,6227.152,falha,10.347,-67.827,-78.174,18.912,?,?
bpfo_0.3mm,6228.144,normal,-15.188,-88.014,-72.826,10.853,?,?
bpfo_0.3mm,6235.072,normal,-14.612,-84.096,-69.484,13.615,?,?
bpfo_0.3mm,6236.809,normal,-22.940,-88.942,-66.002,16.713,?,?
bpfo_0.3mm,6237.544,falha,7.594,-67.880,-75.475,18.614,?,?
bpfo_0.3mm,6238.533,normal,-22.880,-87.347,-64.467,17.886,motor,motor×257
bpfo_0.3mm,6239.278,falha,8.112,-67.705,-75.817,18.371,?,?
bpfo_0.3mm,6241.014,falha,11.143,-74.561,-85.704,11.081,?,?
bpfo_0.3mm,6245.130,falha,-7.090,-71.079,-63.990,15.005,?,?
bpfo_0.3mm,6248.917,normal,-26.145,-82.264,-56.119,26.597,?,?
bpfo_0.3mm,6249.664,falha,6.957,-58.857,-65.814,26.335,?,?
bpfo_0.3mm,6250.648,normal,-25.264,-74.554,-49.290,33.089,?,?
bpfo_0.3mm,6251.394,falha,9.776,-51.838,-61.614,33.350,?,?
bpfo_0.3mm,6261.037,normal,-10.884,-70.138,-59.254,22.289,?,?
bpfo_0.3mm,6262.767,normal,-18.841,-85.118,-66.277,15.267,motor,motor×258
bpfo_0.3mm,6263.509,falha,9.959,-67.375,-77.335,17.419,?,?
bpfo_0.3mm,6264.482,normal,-21.875,-86.610,-64.736,16.975,?,?
bpfo_0.3mm,6265.244,falha,8.826,-69.320,-78.146,15.797,?,?
bpfo_0.3mm,6274.882,normal,-26.896,-68.972,-42.076,40.043,eixo,eixo×125
bpfo_0.3mm,6275.632,falha,7.705,-45.105,-52.809,39.958,?,?
bpfo_0.3mm,6277.356,falha,11.047,-69.037,-80.084,16.026,?,?
bpfo_0.3mm,6285.274,normal,-12.515,-78.927,-66.412,15.829,?,?
bpfo_0.3mm,6287.000,normal,-21.786,-89.105,-67.319,14.923,motor,motor×259
bpfo_0.3mm,6287.750,falha,8.466,-68.776,-77.242,16.433,?,?
bpfo_0.3mm,6288.732,normal,-25.172,-85.434,-60.262,21.605,?,?
bpfo_0.3mm,6289.481,falha,6.828,-65.147,-71.974,19.916,?,?
bpfo_0.3mm,6291.211,falha,10.160,-70.933,-81.093,14.070,?,?
bpfo_0.3mm,6299.118,normal,-28.420,-77.442,-49.022,32.169,?,?
bpfo_0.3mm,6300.847,normal,-27.620,-79.365,-51.746,29.348,?,?
bpfo_0.3mm,6301.599,falha,6.492,-57.200,-63.692,27.610,?,?
bpfo_0.3mm,6302.583,normal,-15.235,-83.912,-68.677,11.457,?,?
bpfo_0.3mm,6311.237,normal,-12.221,-68.394,-56.173,25.017,motor,motor×260
bpfo_0.3mm,6312.971,normal,-20.022,-83.843,-63.821,17.369,?,?
bpfo_0.3mm,6313.718,falha,6.278,-67.811,-74.089,17.784,?,?
bpfo_0.3mm,6314.700,normal,-15.764,-79.042,-63.279,17.912,?,?
bpfo_0.3mm,6320.085,falha,9.209,-71.309,-80.518,15.093,?,?
bpfo_0.3mm,6323.350,normal,-9.418,-78.293,-68.875,11.643,?,?
bpfo_0.3mm,6325.082,normal,-31.243,-74.607,-43.363,37.239,eixo,eixo×126
bpfo_0.3mm,6326.811,normal,-15.225,-79.423,-64.198,16.543,?,?
bpfo_0.3mm,6327.554,falha,7.688,-68.824,-76.512,18.060,?,?
bpfo_0.3mm,6337.204,normal,-21.951,-88.357,-66.406,14.410,?,?
bpfo_0.3mm,6337.954,falha,8.343,-67.000,-75.343,17.662,?,?
bpfo_0.3mm,6338.931,normal,-29.653,-80.497,-50.844,29.972,?,?
bpfo_0.3mm,6347.587,normal,-15.178,-81.253,-66.076,13.883,?,?
bpfo_0.3mm,6349.317,normal,-12.963,-64.895,-51.932,27.766,?,?
bpfo_0.3mm,6351.047,normal,-27.952,-74.487,-46.535,33.174,?,?
bpfo_0.3mm,6351.805,falha,7.452,-50.551,-58.003,32.758,?,?
bpfo_0.3mm,6361.435,normal,-13.263,-68.414,-55.150,24.421,?,?
bpfo_0.3mm,6372.573,falha,6.759,-72.454,-79.214,12.696,?,?
bpfo_0.3mm,6375.281,normal,-29.082,-67.964,-38.882,41.887,eixo,eixo×127
bpfo_0.3mm,6377.766,falha,6.158,-72.827,-78.985,12.605,?,?
bpfo_0.3mm,6384.711,falha,9.606,-72.829,-82.434,11.741,?,?
bpfo_0.3mm,6385.675,normal,-11.681,-78.636,-66.955,14.608,?,?
bpfo_0.3mm,6386.428,falha,14.444,-68.409,-82.853,15.952,?,?
bpfo_0.3mm,6387.395,normal,-25.321,-87.724,-62.403,19.160,?,?
bpfo_0.3mm,6392.807,falha,11.999,-70.229,-82.229,13.372,BPFO,BPFO×35
bpfo_0.3mm,6396.058,normal,-14.609,-85.964,-71.355,10.946,?,?
bpfo_0.3mm,6397.789,normal,-13.224,-83.061,-69.837,12.463,?,?
bpfo_0.3mm,6399.517,normal,-14.370,-60.996,-46.626,35.603,?,?
bpfo_1.0mm,122.880,falha,11.236,-70.608,-81.844,10.483,?,?
bpfo_1.0mm,124.041,normal,-12.701,-80.474,-67.772,15.542,?,?
bpfo_1.0mm,133.188,falha,10.275,-65.396,-75.670,17.181,BPFO±eixo,BPFO×1-1·eixo
bpfo_1.0mm,150.614,falha,7.835,-61.046,-68.881,22.867,eixo,eixo×3
bpfo_1.0mm,168.306,normal,-8.199,-83.911,-75.712,10.846,?,?
bpfo_1.0mm,183.392,falha,12.852,-46.178,-59.031,37.909,BPFO,BPFO×1
bpfo_1.0mm,197.704,falha,7.866,-73.494,-81.359,10.305,?,?
bpfo_1.0mm,200.818,falha,7.553,-51.553,-59.106,32.335,eixo,eixo×4
bpfo_1.0mm,203.427,normal,-13.192,-82.752,-69.560,14.500,?,?
bpfo_1.0mm,219.253,falha,24.785,-59.624,-84.409,23.837,?,?
bpfo_1.0mm,230.852,falha,16.036,-67.059,-83.095,16.168,?,?
bpfo_1.0mm,268.858,normal,-6.067,-75.208,-69.140,16.827,?,?
bpfo_1.0mm,316.578,falha,21.410,-59.045,-80.454,26.854,BPFO±eixo,BPFO×2-1·eixo
bpfo_1.0mm,329.474,normal,-11.110,-84.642,-73.531,10.625,?,?
bpfo_1.0mm,331.259,falha,10.451,-69.103,-79.554,17.274,?,?
bpfo_1.0mm,345.820,normal,-6.736,-79.078,-72.342,13.647,?,?
bpfo_1.0mm,351.433,falha,-6.042,-72.390,-66.348,13.595,eixo,eixo×7
bpfo_1.0mm,364.766,falha,17.814,-65.493,-83.307,20.402,?,?
bpfo_1.0mm,366.163,normal,28.878,-41.341,-70.219,16.012,?,?
bpfo_1.0mm,366.784,falha,42.681,-36.199,-78.880,49.389,BPFO,BPFO×2
bpfo_1.0mm,416.988,falha,21.690,-60.538,-82.228,22.574,BPFO±eixo,BPFO×2+1·eixo
bpfo_1.0mm,477.756,falha,10.885,-72.249,-83.134,12.815,?,?
bpfo_1.0mm,499.970,falha,20.959,-64.627,-85.586,19.886,BPFO±eixo,BPFO×3-1·eixo
bpfo_1.0mm,548.737,normal,-11.252,-82.437,-71.185,12.723,?,?
bpfo_1.0mm,550.175,falha,42.882,-40.119,-83.001,42.727,BPFO,BPFO×3
bpfo_1.0mm,600.387,falha,15.091,-61.009,-76.100,17.518,BPFO±eixo,BPFO×3+1·eixo
bpfo_1.0mm,652.057,falha,9.383,-66.004,-75.388,11.618,?,?
bpfo_1.0mm,672.433,falha,15.825,-61.783,-77.607,16.252,?,?
bpfo_1.0mm,683.362,falha,32.879,-47.279,-80.159,32.155,BPFO±eixo,BPFO×4-1·eixo
bpfo_1.0mm,692.810,falha,15.537,-61.756,-77.293,17.894,?,?
bpfo_1.0mm,693.763,falha,13.449,-64.834,-78.283,14.582,?,?
bpfo_1.0mm,709.331,falha,13.217,-64.239,-77.456,14.787,?,?
bpfo_1.0mm,713.204,falha,6.314,-64.924,-71.237,14.414,?,?
bpfo_1.0mm,725.087,normal,-12.643,-79.199,-66.556,12.120,?,?
bpfo_1.0mm,731.651,normal,-10.527,-73.425,-62.899,18.471,?,?
bpfo_1.0mm,733.567,falha,54.582,-27.795,-82.377,52.847,BPFO,BPFO×4
bpfo_1.0mm,753.936,falha,13.959,-65.401,-79.360,16.620,?,?
bpfo_1.0mm,757.807,falha,20.229,-60.073,-80.301,22.665,?,?
bpfo_1.0mm,774.304,falha,12.307,-70.191,-82.498,13.758,?,?
bpfo_1.0mm,775.718,falha,6.016,-66.194,-72.210,17.747,?,?
bpfo_1.0mm,783.773,falha,27.676,-51.457,-79.133,30.669,BPFO±eixo,BPFO×4+1·eixo
bpfo_1.0mm,794.699,falha,18.443,-59.446,-77.889,20.878,?,?
bpfo_1.0mm,805.350,falha,9.002,-68.764,-77.766,10.316,?,?
bpfo_1.0mm,806.634,normal,-8.201,-74.840,-66.639,12.105,?,?
bpfo_1.0mm,815.078,falha,20.712,-57.025,-77.737,23.410,?,?
bpfo_1.0mm,816.550,falha,23.553,-55.084,-78.637,25.937,BPFO±eixo,BPFO×5-2·eixo
bpfo_1.0mm,833.031,falha,9.363,-71.650,-81.013,10.765,?,?
bpfo_1.0mm,835.449,falha,24.357,-52.533,-76.891,29.581,?,?
bpfo_1.0mm,855.827,falha,29.184,-52.794,-81.978,27.277,?,?
bpfo_1.0mm,866.755,falha,39.726,-41.912,-81.638,36.987,BPFO±eixo,BPFO×5-1·eixo
bpfo_1.0mm,876.198,falha,23.350,-58.754,-82.103,21.446,?,?
bpfo_1.0mm,884.183,falha,20.146,-59.778,-79.924,20.720,?,?
bpfo_1.0mm,892.735,falha,16.090,-68.090,-84.181,12.430,?,?
bpfo_1.0mm,899.451,falha,14.332,-67.134,-81.466,12.833,?,?
bpfo_1.0mm,907.858,normal,-9.190,-81.325,-72.135,10.758,?,?
bpfo_1.0mm,916.959,falha,62.962,-19.626,-82.588,58.369,BPFO,BPFO×5
bpfo_1.0mm,919.254,falha,9.335,-67.557,-76.892,10.644,?,?
bpfo_1.0mm,934.414,falha,13.449,-64.271,-77.720,15.276,?,?
bpfo_1.0mm,937.319,falha,13.563,-68.378,-81.941,11.313,?,?
bpfo_1.0mm,941.200,falha,16.124,-63.933,-80.057,15.759,?,?
bpfo_1.0mm,949.710,falha,13.722,-69.401,-83.123,10.756,?,?
bpfo_1.0mm,952.026,falha,15.813,-66.513,-82.326,13.748,?,?
bpfo_1.0mm,957.686,falha,7.655,-66.631,-74.287,13.892,?,?
bpfo_1.0mm,967.163,falha,37.863,-45.511,-83.374,35.281,BPFO±eixo,BPFO×5+1·eixo
bpfo_1.0mm,978.087,falha,27.738,-54.599,-82.337,26.175,?,?
bpfo_1.0mm,998.468,falha,28.933,-56.615,-85.548,23.971,?,?
bpfo_1.0mm,999.936,falha,17.745,-65.973,-83.718,14.837,BPFO±eixo,BPFO×6-2·eixo
bpfo_1.0mm,1002.193,falha,9.493,-69.816,-79.309,10.994,?,?
bpfo_1.0mm,1017.396,falha,12.182,-60.678,-72.861,20.135,BPFO±eixo,BPFO×5+2·eixo
bpfo_1.0mm,1017.919,falha,7.964,-64.897,-72.861,15.536,?,?
bpfo_1.0mm,1018.841,falha,22.793,-57.710,-80.503,22.693,motor,motor×42
bpfo_1.0mm,1039.217,falha,22.137,-57.914,-80.051,21.895,?,?
bpfo_1.0mm,1050.150,falha,27.735,-54.630,-82.365,24.489,BPFO±eixo,BPFO×6-1·eixo
bpfo_1.0mm,1052.408,falha,16.451,-63.092,-79.543,16.431,?,?
bpfo_1.0mm,1059.588,falha,10.314,-66.034,-76.348,13.306,?,?
bpfo_1.0mm,1066.932,normal,6.416,-65.351,-71.767,10.856,?,?
bpfo_1.0mm,1067.660,falha,23.582,-56.252,-79.833,22.986,?,?
bpfo_1.0mm,1073.313,normal,-6.632,-75.822,-69.190,13.201,?,?
bpfo_1.0mm,1074.835,normal,-13.275,-79.527,-66.252,15.981,?,?
bpfo_1.0mm,1077.832,falha,12.087,-68.990,-81.077,10.247,?,?
bpfo_1.0mm,1094.309,falha,10.742,-66.718,-77.460,11.119,?,?
bpfo_1.0mm,1097.469,normal,-8.320,-74.430,-66.110,15.619,?,?
bpfo_1.0mm,1098.493,normal,-14.698,-76.517,-61.819,19.790,?,?
bpfo_1.0mm,1100.352,falha,52.434,-30.397,-82.831,47.206,BPFO,BPFO×6
bpfo_1.0mm,1101.325,falha,17.997,-63.904,-81.900,13.677,?,?
bpfo_1.0mm,1102.606,falha,13.641,-64.934,-78.575,12.244,?,?
bpfo_1.0mm,1117.867,falha,37.378,-44.520,-81.898,31.425,?,?
bpfo_1.0mm,1133.058,falha,18.981,-61.416,-80.397,13.706,?,?
bpfo_1.0mm,1141.076,falha,8.643,-64.459,-73.102,10.914,?,?
bpfo_1.0mm,1150.555,falha,26.540,-49.763,-76.302,25.219,BPFO±eixo,BPFO×6+1·eixo
bpfo_1.0mm,1161.478,falha,26.006,-55.094,-81.101,19.469,?,?
bpfo_1.0mm,1168.073,falha,29.527,-51.038,-80.565,24.125,?,?
bpfo_1.0mm,1173.210,falha,18.505,-60.877,-79.382,13.653,?,?
bpfo_1.0mm,1181.861,falha,26.226,-53.596,-79.822,21.446,?,?
bpfo_1.0mm,1183.334,falha,36.414,-42.782,-79.196,32.491,BPFO±eixo,BPFO×7-2·eixo
bpfo_1.0mm,1190.883,normal,-14.382,-77.587,-63.205,17.665,?,?
bpfo_1.0mm,1192.560,normal,-6.798,-70.108,-63.310,17.536,?,?
bpfo_1.0mm,1197.456,falha,22.035,-60.216,-82.251,16.302,?,?
bpfo_1.0mm,1200.759,falha,20.163,-58.251,-78.414,18.849,BPFO±eixo,BPFO×6+2·eixo
bpfo_1.0mm,1202.234,falha,27.853,-52.739,-80.592,24.505,?,?
bpfo_1.0mm,1218.277,falha,21.725,-60.696,-82.421,18.003,?,?
bpfo_1.0mm,1221.671,falha,22.640,-57.867,-80.507,20.054,?,?
bpfo_1.0mm,1222.609,falha,21.903,-54.559,-76.462,23.334,?,?
bpfo_1.0mm,1228.451,falha,17.242,-64.997,-82.238,12.915,?,?
bpfo_1.0mm,1233.539,falha,35.092,-47.978,-83.070,28.872,BPFO±eixo,BPFO×7-1·eixo
bpfo_1.0mm,1235.272,falha,27.007,-51.837,-78.844,25.014,?,?
bpfo_1.0mm,1243.024,falha,25.497,-55.704,-81.201,20.624,?,?
bpfo_1.0mm,1245.927,falha,18.632,-62.789,-81.421,13.539,?,?
bpfo_1.0mm,1246.888,falha,16.543,-62.606,-79.150,13.872,?,?
bpfo_1.0mm,1247.389,falha,17.747,-61.403,-79.150,14.953,?,?
bpfo_1.0mm,1251.000,falha,17.846,-61.385,-79.230,14.482,?,?
bpfo_1.0mm,1260.150,normal,6.011,-64.857,-70.868,10.507,?,?
bpfo_1.0mm,1261.891,falha,17.120,-63.183,-80.304,10.486,?,?
bpfo_1.0mm,1263.387,falha,28.950,-53.081,-82.031,19.974,?,?
bpfo_1.0mm,1265.303,falha,14.121,-61.590,-75.711,10.876,?,?
bpfo_1.0mm,1266.248,falha,21.219,-58.988,-80.207,12.658,?,?
bpfo_1.0mm,1276.661,falha,26.770,-56.054,-82.824,10.515,?,?
bpfo_1.0mm,1283.745,falha,63.987,-9.579,-73.566,57.373,BPFO,BPFO×7
bpfo_1.0mm,1284.402,normal,49.489,-17.057,-66.546,14.571,?,?
bpfo_1.0mm,1301.184,falha,15.724,-60.899,-76.622,11.026,?,?
bpfo_1.0mm,1304.119,falha,17.720,-54.404,-72.124,18.303,?,?
bpfo_1.0mm,1307.981,falha,9.618,-55.938,-65.555,17.574,?,?
bpfo_1.0mm,1311.829,normal,-8.093,-75.788,-67.695,11.772,?,?
bpfo_1.0mm,1324.458,falha,29.261,-51.329,-80.590,22.060,?,?
bpfo_1.0mm,1328.452,normal,-6.738,-73.599,-66.861,12.612,?,?
bpfo_1.0mm,1333.948,falha,37.867,-40.331,-78.198,32.353,BPFO±eixo,BPFO×7+1·eixo
bpfo_1.0mm,1344.875,falha,17.068,-49.724,-66.792,21.842,?,?
bpfo_1.0mm,1349.214,falha,24.902,-58.037,-82.939,13.956,?,?
bpfo_1.0mm,1365.250,falha,17.336,-48.862,-66.199,22.058,?,?
bpfo_1.0mm,1366.735,falha,16.118,-58.142,-74.260,13.201,BPFO±eixo,BPFO×8-2·eixo
bpfo_1.0mm,1370.064,falha,15.092,-58.242,-73.334,13.009,?,?
bpfo_1.0mm,1384.152,falha,28.312,-41.653,-69.965,28.688,BPFO±eixo,BPFO×7+2·eixo
bpfo_1.0mm,1385.621,falha,28.949,-49.712,-78.661,20.458,?,?
bpfo_1.0mm,1394.334,falha,7.441,-58.629,-66.070,10.685,?,?
bpfo_1.0mm,1399.421,falha,30.984,-47.604,-78.588,22.073,?,?
bpfo_1.0mm,1405.988,falha,7.969,-49.565,-57.534,19.196,?,?
bpfo_1.0mm,1416.933,falha,29.040,-40.876,-69.916,27.747,BPFO±eixo,BPFO×8-1·eixo
bpfo_1.0mm,1426.358,falha,13.296,-57.797,-71.093,10.478,?,?
bpfo_1.0mm,1433.299,falha,16.040,-57.629,-73.670,10.741,?,?
bpfo_1.0mm,1434.391,falha,14.659,-58.112,-72.771,10.131,?,?
bpfo_1.0mm,1449.623,falha,18.557,-49.086,-67.644,18.540,?,?
bpfo_1.0mm,1452.794,falha,17.921,-52.779,-70.699,14.991,?,?
bpfo_1.0mm,1463.291,normal,-6.421,-69.436,-63.015,12.241,?,?
bpfo_1.0mm,1464.658,normal,-9.573,-68.816,-59.243,16.520,?,?
bpfo_1.0mm,1466.152,normal,7.110,-51.182,-58.292,17.664,?,?
bpfo_1.0mm,1467.138,falha,52.251,-24.205,-76.456,45.637,BPFO,BPFO×8
bpfo_1.0mm,1484.583,falha,12.404,-60.658,-73.062,12.549,?,?
bpfo_1.0mm,1487.493,falha,8.189,-63.796,-71.985,10.010,?,?
bpfo_1.0mm,1489.821,normal,-6.970,-70.394,-63.424,15.246,?,?
bpfo_1.0mm,1491.387,falha,7.125,-64.009,-71.134,10.374,?,?
bpfo_1.0mm,1499.844,falha,19.436,-63.068,-82.504,13.033,?,?
bpfo_1.0mm,1504.405,falha,6.622,-60.057,-66.679,17.757,?,?
bpfo_1.0mm,1507.862,falha,20.436,-61.805,-82.241,16.161,?,?
bpfo_1.0mm,1517.343,falha,31.295,-52.845,-84.140,25.309,BPFO±eixo,BPFO×8+1·eixo
bpfo_1.0mm,1518.797,falha,12.940,-66.172,-79.111,12.110,?,?
bpfo_1.0mm,1528.268,falha,19.930,-56.293,-76.224,21.742,motor,motor×63
bpfo_1.0mm,1534.828,falha,13.708,-67.914,-81.622,10.283,?,?
bpfo_1.0mm,1548.643,falha,27.729,-56.882,-84.612,20.967,?,?
bpfo_1.0mm,1550.115,falha,21.932,-50.895,-72.827,26.895,BPFO±eixo,BPFO×9-2·eixo
bpfo_1.0mm,1567.547,falha,23.502,-56.512,-80.014,20.285,BPFO±eixo,BPFO×8+2·eixo
bpfo_1.0mm,1569.019,falha,28.361,-56.321,-84.682,20.452,?,?
bpfo_1.0mm,1589.396,falha,26.556,-55.407,-81.964,19.273,?,?
bpfo_1.0mm,1600.324,falha,42.325,-36.064,-78.389,38.192,BPFO±eixo,BPFO×9-1·eixo
bpfo_1.0mm,1615.972,falha,16.446,-57.382,-73.828,15.901,?,?
bpfo_1.0mm,1617.752,falha,20.276,-62.840,-83.116,10.331,?,?
bpfo_1.0mm,1630.173,falha,22.037,-60.677,-82.713,11.369,?,?
bpfo_1.0mm,1637.595,falha,22.336,-57.111,-79.447,14.259,?,?
bpfo_1.0mm,1642.604,falha,30.129,-54.218,-84.347,16.467,?,?
bpfo_1.0mm,1650.533,falha,46.297,-30.640,-76.937,39.353,BPFO,BPFO×9
bpfo_1.0mm,1662.881,falha,18.634,-55.565,-74.199,13.341,?,?
bpfo_1.0mm,1671.224,normal,8.467,-60.998,-69.465,12.494,?,?
bpfo_1.0mm,1672.185,falha,18.605,-53.988,-72.593,14.994,?,?
bpfo_1.0mm,1681.828,falha,25.978,-58.093,-84.072,11.380,?,?
bpfo_1.0mm,1683.200,falha,24.965,-58.066,-83.031,11.927,?,?
bpfo_1.0mm,1691.254,falha,28.258,-53.576,-81.834,16.584,?,?
bpfo_1.0mm,1700.734,falha,36.168,-41.661,-77.830,28.898,BPFO±eixo,BPFO×9+1·eixo
bpfo_1.0mm,1702.210,falha,19.821,-60.517,-80.338,10.292,?,?
bpfo_1.0mm,1711.660,falha,30.427,-50.610,-81.036,20.745,?,?
bpfo_1.0mm,1722.473,falha,18.653,-61.422,-80.075,10.510,motor,motor×71
bpfo_1.0mm,1732.033,falha,30.403,-48.374,-78.777,24.520,?,?
bpfo_1.0mm,1733.512,falha,19.766,-53.848,-73.614,19.128,BPFO±eixo,BPFO×10-2·eixo
bpfo_1.0mm,1752.409,falha,29.814,-49.448,-79.263,24.812,?,?
bpfo_1.0mm,1756.964,normal,-8.456,-72.698,-64.242,15.282,?,?
bpfo_1.0mm,1766.191,falha,16.045,-62.611,-78.656,12.094,?,?
bpfo_1.0mm,1772.789,falha,26.207,-53.121,-79.328,21.357,?,?
bpfo_1.0mm,1783.721,falha,35.168,-45.262,-80.429,29.850,BPFO±eixo,BPFO×10-1·eixo
bpfo_1.0mm,1801.147,falha,20.679,-58.960,-79.639,17.107,?,?
bpfo_1.0mm,1804.837,falha,15.532,-65.117,-80.649,10.567,?,?
bpfo_1.0mm,1813.551,falha,14.613,-59.249,-73.861,15.714,?,?
bpfo_1.0mm,1816.410,falha,13.946,-62.566,-76.512,12.139,?,?
bpfo_1.0mm,1822.787,normal,-6.883,-70.752,-63.869,12.101,?,?
bpfo_1.0mm,1823.806,falha,10.996,-62.424,-73.420,10.170,?,?
bpfo_1.0mm,1830.834,normal,-13.579,-71.524,-57.946,17.591,?,?
bpfo_1.0mm,1833.923,falha,51.630,-25.268,-76.898,47.446,BPFO,BPFO×10
bpfo_1.0mm,1836.522,normal,-10.275,-70.818,-60.543,16.162,?,?
bpfo_1.0mm,1866.634,falha,12.199,-63.034,-75.233,14.343,?,?
bpfo_1.0mm,1871.042,normal,-11.623,-77.908,-66.285,11.734,?,?
bpfo_1.0mm,1874.643,falha,11.076,-61.510,-72.586,16.355,?,?
bpfo_1.0mm,1884.125,falha,25.851,-50.098,-75.950,26.461,BPFO±eixo,BPFO×10+1·eixo
bpfo_1.0mm,1886.835,normal,-10.678,-77.120,-66.442,10.122,?,?
bpfo_1.0mm,1890.259,normal,-9.385,-73.655,-64.270,12.171,?,?
bpfo_1.0mm,1895.048,falha,22.309,-53.143,-75.452,22.510,?,?
bpfo_1.0mm,1915.421,falha,19.161,-55.505,-74.666,20.516,?,?
bpfo_1.0mm,1916.900,falha,12.314,-60.164,-72.478,15.744,BPFO±eixo,BPFO×11-2·eixo
bpfo_1.0mm,1933.804,falha,17.416,-56.035,-73.450,19.760,?,?
bpfo_1.0mm,1934.327,falha,21.622,-53.888,-75.510,21.819,BPFO±eixo,BPFO×10+2·eixo
bpfo_1.0mm,1935.799,falha,17.802,-48.507,-66.309,26.999,?,?
bpfo_1.0mm,1956.181,falha,26.805,-48.680,-75.485,24.998,?,?
bpfo_1.0mm,1957.975,falha,6.039,-56.791,-62.830,16.847,eixo,eixo×39
bpfo_1.0mm,1967.113,falha,23.536,-46.319,-69.856,27.383,BPFO±eixo,BPFO×11-1·eixo
bpfo_1.0mm,1976.537,falha,13.905,-54.594,-68.499,19.390,?,?
bpfo_1.0mm,1982.219,falha,6.173,-60.868,-67.041,13.677,?,?
bpfo_1.0mm,1984.533,falha,13.480,-59.909,-73.389,14.249,?,?
bpfo_1.0mm,1985.461,normal,-6.535,-68.161,-61.626,11.079,?,?
bpfo_1.0mm,1993.071,falha,6.829,-62.932,-69.761,11.608,?,?
bpfo_1.0mm,1996.950,falha,9.742,-55.745,-65.487,18.801,?,?
bpfo_1.0mm,1997.572,normal,-6.213,-64.341,-58.128,14.507,?,?
bpfo_1.0mm,2007.959,normal,-18.708,-65.336,-46.628,26.324,?,?
bpfo_1.0mm,2009.690,normal,-11.560,-64.931,-53.372,19.593,?,?
bpfo_1.0mm,2013.920,normal,-17.974,-71.586,-53.612,20.148,?,?
bpfo_1.0mm,2017.316,falha,45.593,-22.593,-68.186,49.527,BPFO,BPFO×11
bpfo_1.0mm,2037.687,falha,17.759,-57.169,-74.928,14.664,motor,motor×84
bpfo_1.0mm,2041.556,falha,15.582,-60.070,-75.652,12.284,?,?
bpfo_1.0mm,2047.773,normal,-9.306,-67.259,-57.953,16.279,?,?
bpfo_1.0mm,2050.063,falha,8.391,-61.461,-69.852,10.825,?,?
bpfo_1.0mm,2067.518,falha,22.402,-45.073,-67.475,25.333,BPFO±eixo,BPFO×11+1·eixo
bpfo_1.0mm,2072.013,normal,-6.491,-63.005,-56.514,11.823,?,?
bpfo_1.0mm,2078.441,falha,22.442,-44.651,-67.093,24.806,?,?
bpfo_1.0mm,2096.475,falha,6.988,-58.027,-65.015,10.311,?,?
bpfo_1.0mm,2098.814,falha,24.510,-42.220,-66.729,26.008,?,?
bpfo_1.0mm,2100.311,falha,16.790,-50.895,-67.685,17.289,BPFO±eixo,BPFO×12-2·eixo
bpfo_1.0mm,2117.728,falha,16.915,-50.535,-67.450,17.750,BPFO±eixo,BPFO×11+2·eixo
bpfo_1.0mm,2119.189,falha,19.440,-42.283,-61.723,26.489,?,?
bpfo_1.0mm,2134.324,normal,-9.421,-62.862,-53.441,15.178,?,?
bpfo_1.0mm,2139.574,falha,27.786,-40.685,-68.471,28.922,?,?
bpfo_1.0mm,2150.509,falha,26.561,-38.077,-64.639,29.625,BPFO±eixo,BPFO×12-1·eixo
bpfo_1.0mm,2158.797,falha,-7.851,-44.033,-36.183,22.720,eixo,eixo×43
bpfo_1.0mm,2159.926,falha,12.795,-45.370,-58.166,21.435,?,?
bpfo_1.0mm,2160.508,falha,7.622,-50.544,-58.166,16.261,?,?
bpfo_1.0mm,2167.946,falha,8.624,-56.106,-64.730,10.512,?,?
bpfo_1.0mm,2180.349,falha,19.717,-47.229,-66.946,19.388,?,?
bpfo_1.0mm,2182.793,normal,-11.231,-58.932,-47.701,19.567,?,?
bpfo_1.0mm,2188.566,falha,14.681,-52.859,-67.540,11.302,?,?
bpfo_1.0mm,2197.000,normal,-9.272,-60.709,-51.437,16.764,?,?
bpfo_1.0mm,2200.709,falha,51.835,-13.999,-65.834,49.754,BPFO,BPFO×12
bpfo_1.0mm,2221.089,falha,9.364,-45.879,-55.243,19.471,?,?
bpfo_1.0mm,2224.947,falha,13.362,-52.052,-65.414,13.361,?,?
bpfo_1.0mm,2241.424,falha,17.391,-39.285,-56.676,23.411,?,?
bpfo_1.0mm,2245.106,normal,-6.116,-54.573,-48.457,19.144,?,?
bpfo_1.0mm,2250.910,falha,36.195,-33.348,-69.543,29.432,BPFO±eixo,BPFO×12+1·eixo
bpfo_1.0mm,2261.833,falha,33.411,-37.163,-70.574,28.626,?,?
bpfo_1.0mm,2267.619,normal,-6.635,-62.686,-56.051,15.179,?,?
bpfo_1.0mm,2282.209,falha,33.942,-42.044,-75.986,29.020,?,?
bpfo_1.0mm,2283.702,falha,26.490,-44.441,-70.931,26.623,BPFO±eixo,BPFO×13-2·eixo
bpfo_1.0mm,2301.123,falha,13.091,-48.614,-61.705,22.628,BPFO±eixo,BPFO×12+2·eixo
bpfo_1.0mm,2302.571,falha,22.584,-42.499,-65.082,28.616,?,?
bpfo_1.0mm,2303.923,falha,6.005,-60.391,-66.397,10.186,?,?
bpfo_1.0mm,2322.965,falha,28.729,-42.379,-71.107,27.097,?,?
bpfo_1.0mm,2326.720,falha,8.114,-51.698,-59.812,17.778,?,?
bpfo_1.0mm,2333.393,normal,13.166,-44.257,-57.423,13.894,?,?
bpfo_1.0mm,2333.901,falha,19.058,-43.755,-62.813,25.053,BPFO±eixo,BPFO×13-1·eixo
bpfo_1.0mm,2338.841,falha,9.715,-58.490,-68.205,10.692,?,?
bpfo_1.0mm,2343.318,falha,14.945,-52.343,-67.288,16.524,?,?
bpfo_1.0mm,2359.844,falha,6.069,-54.041,-60.110,15.250,?,?
bpfo_1.0mm,2363.749,falha,11.679,-53.274,-64.954,15.891,?,?
bpfo_1.0mm,2366.579,falha,15.986,-59.507,-75.493,11.148,?,?
bpfo_1.0mm,2370.960,falha,12.479,-57.713,-70.192,11.641,?,?
bpfo_1.0mm,2381.366,normal,-9.392,-68.985,-59.593,15.957,?,?
bpfo_1.0mm,2384.104,falha,44.017,-25.820,-69.837,43.443,BPFO,BPFO×13
bpfo_1.0mm,2399.433,falha,7.985,-57.383,-65.368,13.193,?,?
bpfo_1.0mm,2408.329,falha,14.657,-59.276,-73.933,12.290,?,?
bpfo_1.0mm,2424.803,falha,17.056,-58.274,-75.330,14.184,?,?
bpfo_1.0mm,2434.305,falha,27.592,-49.046,-76.638,23.158,BPFO±eixo,BPFO×13+1·eixo
bpfo_1.0mm,2445.231,falha,22.064,-52.754,-74.818,19.970,?,?
bpfo_1.0mm,2449.640,falha,14.996,-58.778,-73.774,14.254,?,?
bpfo_1.0mm,2460.026,falha,6.011,-59.308,-65.319,13.308,eixo,eixo×49
bpfo_1.0mm,2465.608,falha,26.251,-48.282,-74.532,24.155,?,?
bpfo_1.0mm,2481.667,normal,-10.105,-72.785,-62.680,13.960,?,?
bpfo_1.0mm,2484.494,falha,14.744,-57.436,-72.180,15.040,BPFO±eixo,BPFO×13+2·eixo
bpfo_1.0mm,2485.975,falha,18.925,-47.237,-66.161,25.281,?,?
bpfo_1.0mm,2506.353,falha,26.938,-50.491,-77.429,22.123,?,?
bpfo_1.0mm,2510.229,falha,13.828,-55.911,-69.740,16.712,eixo,eixo×50
bpfo_1.0mm,2517.298,falha,30.408,-46.993,-77.402,25.595,BPFO±eixo,BPFO×14-1·eixo
bpfo_1.0mm,2521.827,normal,-6.403,-68.196,-61.793,15.785,?,?
bpfo_1.0mm,2526.718,falha,19.127,-57.793,-76.920,15.216,?,?
bpfo_1.0mm,2534.850,falha,21.572,-58.057,-79.628,14.531,?,?
bpfo_1.0mm,2543.255,falha,15.779,-60.177,-75.956,11.988,?,?
bpfo_1.0mm,2560.772,normal,-7.155,-72.701,-65.547,15.119,?,?
bpfo_1.0mm,2562.194,normal,-11.713,-68.847,-57.134,23.413,?,?
bpfo_1.0mm,2567.494,falha,49.460,-30.823,-80.283,41.447,BPFO,BPFO×14
bpfo_1.0mm,2569.088,falha,10.986,-59.349,-70.335,12.578,?,?
bpfo_1.0mm,2575.439,falha,23.118,-57.150,-80.268,14.396,?,?
bpfo_1.0mm,2581.206,falha,12.061,-56.527,-68.589,14.755,?,?
bpfo_1.0mm,2591.717,falha,12.952,-57.938,-70.890,12.137,?,?
bpfo_1.0mm,2593.328,falha,14.820,-56.926,-71.746,13.062,?,?
bpfo_1.0mm,2595.042,falha,13.226,-59.236,-72.462,10.403,?,?
bpfo_1.0mm,2595.726,falha,14.521,-58.440,-72.960,11.149,motor,motor×107
bpfo_1.0mm,2610.634,falha,7.259,-56.986,-64.246,11.910,eixo,eixo×52
bpfo_1.0mm,2613.164,falha,15.038,-56.953,-71.991,11.939,?,?
bpfo_1.0mm,2617.636,falha,12.860,-51.577,-64.437,16.261,BPFO±eixo,BPFO×14+1·eixo
bpfo_1.0mm,2621.486,normal,-12.864,-69.312,-56.447,15.479,?,?
bpfo_1.0mm,2628.622,falha,16.892,-54.945,-71.837,14.799,?,?
bpfo_1.0mm,2639.996,normal,-8.895,-68.272,-59.378,12.973,?,?
bpfo_1.0mm,2640.696,normal,-11.596,-69.715,-58.120,14.231,?,?
bpfo_1.0mm,2648.002,falha,13.807,-59.197,-73.004,12.128,?,?
bpfo_1.0mm,2648.994,falha,22.003,-52.586,-74.588,18.739,?,?
bpfo_1.0mm,2653.869,falha,9.333,-60.926,-70.258,11.440,?,?
bpfo_1.0mm,2663.066,normal,-6.376,-70.530,-64.154,10.811,?,?
bpfo_1.0mm,2667.894,falha,15.545,-59.374,-74.919,14.892,BPFO±eixo,BPFO×14+2·eixo
bpfo_1.0mm,2669.372,falha,22.129,-53.111,-75.240,21.511,?,?
bpfo_1.0mm,2681.502,normal,-10.790,-71.895,-61.105,14.924,?,?
bpfo_1.0mm,2683.213,normal,-7.256,-72.682,-65.427,10.831,?,?
bpfo_1.0mm,2689.752,falha,18.886,-53.954,-72.840,21.166,?,?
bpfo_1.0mm,2700.691,falha,19.252,-52.714,-71.967,22.740,BPFO±eixo,BPFO×15-1·eixo
bpfo_1.0mm,2703.420,normal,-6.436,-71.101,-64.665,12.683,?,?
bpfo_1.0mm,2710.078,falha,15.085,-63.268,-78.353,12.498,?,?
bpfo_1.0mm,2717.397,falha,14.460,-58.102,-72.562,17.746,motor,motor×112
bpfo_1.0mm,2721.941,normal,-13.694,-75.589,-61.895,14.634,?,?
bpfo_1.0mm,2730.537,falha,13.502,-62.758,-76.260,11.983,?,?
bpfo_1.0mm,2737.943,falha,16.588,-58.287,-74.875,16.265,?,?
bpfo_1.0mm,2750.891,falha,38.377,-35.498,-73.874,39.109,BPFO,BPFO×15
bpfo_1.0mm,2762.976,falha,6.848,-59.194,-66.042,15.710,?,?
bpfo_1.0mm,2781.925,normal,-12.671,-72.185,-59.514,22.052,?,?
bpfo_1.0mm,2783.739,falha,10.450,-63.419,-73.869,12.733,?,?
bpfo_1.0mm,2787.169,falha,9.465,-64.410,-73.874,11.969,?,?
bpfo_1.0mm,2801.095,falha,29.022,-53.916,-82.938,23.081,BPFO±eixo,BPFO×15+1·eixo
bpfo_1.0mm,2807.991,falha,13.709,-55.728,-69.437,21.499,?,?
bpfo_1.0mm,2812.015,falha,21.345,-61.840,-83.184,15.089,?,?
bpfo_1.0mm,2832.336,falha,14.414,-64.633,-79.047,11.840,?,?
bpfo_1.0mm,2833.895,falha,13.345,-52.223,-65.568,24.277,BPFO±eixo,BPFO×16-2·eixo
bpfo_1.0mm,2851.298,falha,20.226,-60.335,-80.561,14.498,BPFO±eixo,BPFO×15+2·eixo
bpfo_1.0mm,2852.737,falha,14.755,-63.026,-77.781,11.789,?,?
bpfo_1.0mm,2858.196,falha,6.203,-51.666,-57.869,22.945,?,?
bpfo_1.0mm,2873.147,falha,18.422,-61.712,-80.134,12.707,?,?
bpfo_1.0mm,2878.134,normal,-6.747,-74.223,-67.476,11.435,?,?
bpfo_1.0mm,2878.923,normal,-8.239,-74.968,-66.729,12.129,?,?
bpfo_1.0mm,2934.287,falha,30.321,-29.051,-59.371,42.413,BPFO,BPFO×16
bpfo_1.0mm,2952.656,falha,6.032,-58.313,-64.345,13.548,?,?
bpfo_1.0mm,2958.283,normal,-11.997,-67.993,-55.996,21.060,?,?
bpfo_1.0mm,2968.666,normal,-7.143,-70.296,-63.153,12.880,?,?
bpfo_1.0mm,2974.963,falha,10.550,-61.215,-71.765,10.697,?,?
bpfo_1.0mm,2984.488,falha,24.789,-46.713,-71.502,24.935,BPFO±eixo,BPFO×16+1·eixo
bpfo_1.0mm,2995.401,falha,22.682,-56.017,-78.699,15.768,?,?
bpfo_1.0mm,3012.824,falha,25.020,-57.531,-82.550,13.970,?,?
bpfo_1.0mm,3015.769,falha,19.825,-57.915,-77.739,13.455,?,?
bpfo_1.0mm,3017.265,falha,28.321,-39.685,-68.005,31.685,BPFO±eixo,BPFO×17-2·eixo
bpfo_1.0mm,3034.731,falha,20.986,-57.214,-78.199,13.467,BPFO±eixo,BPFO×16+2·eixo
bpfo_1.0mm,3036.155,falha,17.962,-58.474,-76.436,12.171,?,?
bpfo_1.0mm,3049.776,falha,16.522,-58.500,-75.022,11.774,?,?
bpfo_1.0mm,3053.492,normal,6.742,-65.718,-72.460,11.585,?,?
bpfo_1.0mm,3056.541,falha,20.749,-54.267,-75.016,15.749,motor,motor×126
bpfo_1.0mm,3062.475,falha,10.872,-56.129,-67.001,13.506,eixo,eixo×61
bpfo_1.0mm,3067.487,falha,27.798,-52.798,-80.597,16.252,BPFO±eixo,BPFO×17-1·eixo
bpfo_1.0mm,3082.427,falha,25.241,-55.434,-80.675,13.224,?,?
bpfo_1.0mm,3084.934,falha,23.619,-57.235,-80.855,11.200,?,?
bpfo_1.0mm,3086.378,normal,10.837,-61.455,-72.292,10.383,?,?
bpfo_1.0mm,3088.449,falha,16.956,-57.831,-74.787,10.307,?,?
bpfo_1.0mm,3089.837,normal,11.852,-59.778,-71.630,11.250,?,?
bpfo_1.0mm,3112.679,falha,18.977,-49.594,-68.571,17.463,eixo,eixo×62
bpfo_1.0mm,3116.374,normal,7.283,-61.940,-69.223,11.660,?,?
bpfo_1.0mm,3117.212,normal,37.663,-31.877,-69.539,11.475,?,?
bpfo_1.0mm,3117.686,falha,38.795,-31.582,-70.377,35.238,BPFO,BPFO×17
bpfo_1.0mm,3136.561,normal,13.996,-57.796,-71.792,10.495,?,?
bpfo_1.0mm,3138.306,normal,10.785,-57.733,-68.518,13.604,?,?
bpfo_1.0mm,3143.252,falha,26.954,-55.592,-82.546,12.093,?,?
bpfo_1.0mm,3150.498,falha,18.568,-57.531,-76.099,10.498,?,?
bpfo_1.0mm,3152.145,normal,9.874,-61.684,-71.558,10.995,?,?
bpfo_1.0mm,3162.879,falha,15.249,-55.365,-70.614,13.027,eixo,eixo×63
bpfo_1.0mm,3167.083,normal,10.000,-63.776,-73.776,11.454,?,?
bpfo_1.0mm,3167.883,falha,27.027,-49.915,-76.942,18.478,BPFO±eixo,BPFO×17+1·eixo
bpfo_1.0mm,3176.390,normal,10.119,-62.647,-72.766,11.018,?,?
bpfo_1.0mm,3178.786,falha,25.725,-56.176,-81.901,12.114,?,?
bpfo_1.0mm,3183.807,falha,21.011,-58.501,-79.512,10.592,?,?
bpfo_1.0mm,3185.043,normal,12.518,-60.173,-72.690,10.696,?,?
bpfo_1.0mm,3186.771,normal,11.721,-60.481,-72.201,10.679,?,?
bpfo_1.0mm,3200.676,falha,22.681,-56.732,-79.413,12.486,BPFO±eixo,BPFO×18-2·eixo
bpfo_1.0mm,3213.090,falha,15.967,-57.168,-73.134,11.544,eixo,eixo×64
bpfo_1.0mm,3218.086,falha,34.828,-48.100,-82.928,20.707,BPFO±eixo,BPFO×17+2·eixo
bpfo_1.0mm,3243.936,normal,-7.809,-63.134,-55.325,29.253,?,?
bpfo_1.0mm,3247.356,normal,10.591,-63.389,-73.980,10.154,?,?
bpfo_1.0mm,3248.167,normal,6.862,-63.907,-70.769,13.639,?,?
bpfo_1.0mm,3250.877,falha,24.643,-56.252,-80.894,12.362,ambiguo,motor×134;BPFO×18-1·eixo
bpfo_1.0mm,3262.224,normal,7.557,-63.626,-71.184,12.531,?,?
bpfo_1.0mm,3264.929,falha,26.546,-58.085,-84.631,10.816,?,?
bpfo_1.0mm,3271.655,normal,8.253,-59.471,-67.723,15.084,?,?
bpfo_1.0mm,3287.158,normal,7.089,-63.701,-70.791,11.920,?,?
bpfo_1.0mm,3288.130,falha,6.945,-58.028,-64.973,10.534,?,?
bpfo_1.0mm,3301.078,falha,42.895,-39.241,-82.137,29.985,BPFO,BPFO×18
bpfo_1.0mm,3325.746,falha,22.298,-59.443,-81.740,11.421,?,?
bpfo_1.0mm,3351.277,falha,29.259,-53.477,-82.736,18.943,BPFO±eixo,BPFO×18+1·eixo
bpfo_1.0mm,3362.197,falha,22.797,-58.721,-81.518,13.672,?,?
bpfo_1.0mm,3371.996,normal,6.110,-67.225,-73.335,10.589,motor,motor×139
bpfo_1.0mm,3382.540,falha,22.184,-57.052,-79.236,16.023,?,?
bpfo_1.0mm,3401.479,falha,31.794,-47.270,-79.064,26.354,BPFO±eixo,BPFO×18+2·eixo
bpfo_1.0mm,3402.932,falha,23.650,-55.329,-78.979,18.424,?,?
bpfo_1.0mm,3413.914,falha,12.363,-60.401,-72.764,13.062,eixo,eixo×68
bpfo_1.0mm,3416.575,falha,17.398,-60.265,-77.663,13.513,?,?
bpfo_1.0mm,3423.341,falha,28.364,-56.175,-84.540,17.288,?,?
bpfo_1.0mm,3427.173,falha,15.311,-59.937,-75.248,13.763,?,?
bpfo_1.0mm,3434.273,falha,35.374,-46.414,-81.788,26.690,BPFO±eixo,BPFO×19-1·eixo
bpfo_1.0mm,3451.679,falha,23.653,-53.019,-76.672,20.153,?,?
bpfo_1.0mm,3464.080,falha,11.080,-62.277,-73.358,10.456,eixo,eixo×69
bpfo_1.0mm,3482.972,falha,20.913,-61.209,-82.122,11.151,?,?
bpfo_1.0mm,3484.477,falha,44.285,-38.848,-83.133,33.917,BPFO,BPFO×19
bpfo_1.0mm,3495.387,falha,13.191,-62.875,-76.066,10.045,?,?
bpfo_1.0mm,3503.339,falha,14.809,-60.632,-75.441,12.814,?,?
bpfo_1.0mm,3508.292,falha,19.761,-61.849,-81.610,12.020,?,?
bpfo_1.0mm,3508.696,falha,19.413,-62.197,-81.610,11.672,?,?
bpfo_1.0mm,3514.307,falha,7.505,-61.516,-69.021,11.050,eixo,eixo×70
bpfo_1.0mm,3515.757,falha,22.293,-61.000,-83.293,11.715,?,?
bpfo_1.0mm,3517.101,falha,17.474,-62.739,-80.213,10.022,?,?
bpfo_1.0mm,3523.736,falha,16.523,-61.105,-77.628,11.566,?,?
bpfo_1.0mm,3534.680,falha,33.726,-44.690,-78.416,27.981,BPFO±eixo,BPFO×19+1·eixo
bpfo_1.0mm,3536.130,falha,15.399,-59.185,-74.584,13.096,?,?
bpfo_1.0mm,3545.608,falha,17.741,-60.034,-77.775,11.988,?,?
bpfo_1.0mm,3556.531,falha,16.966,-60.520,-77.486,10.967,?,?
bpfo_1.0mm,3565.939,falha,22.056,-56.921,-78.977,15.830,motor,motor×147
bpfo_1.0mm,3567.459,falha,29.946,-49.158,-79.104,23.659,BPFO±eixo,BPFO×20-2·eixo
bpfo_1.0mm,3584.879,falha,36.662,-41.776,-78.437,30.940,BPFO±eixo,BPFO×19+2·eixo
bpfo_1.0mm,3586.321,falha,16.592,-54.746,-71.338,17.758,?,?
bpfo_1.0mm,3592.452,normal,-7.823,-71.804,-63.981,19.464,?,?
bpfo_1.0mm,3593.400,falha,16.619,-61.933,-78.552,11.030,?,?
bpfo_1.0mm,3595.803,falha,13.436,-62.383,-75.819,10.182,?,?
bpfo_1.0mm,3597.026,normal,7.566,-63.429,-70.996,11.888,?,?
bpfo_1.0mm,3606.732,falha,20.257,-58.148,-78.405,14.568,?,?
bpfo_1.0mm,3611.291,falha,9.936,-61.228,-71.163,12.600,?,?
bpfo_1.0mm,3616.184,falha,16.542,-62.406,-78.947,11.177,?,?
bpfo_1.0mm,3617.678,falha,39.608,-41.319,-80.927,32.228,BPFO±eixo,BPFO×20-1·eixo
bpfo_1.0mm,3629.950,falha,16.847,-62.889,-79.736,10.822,?,?
bpfo_1.0mm,3631.281,falha,8.040,-58.415,-66.455,15.476,?,?
bpfo_1.0mm,3635.082,falha,13.524,-49.102,-62.627,24.480,?,?
bpfo_1.0mm,3636.518,falha,18.453,-62.815,-81.267,10.232,?,?
bpfo_1.0mm,3645.968,falha,12.967,-60.894,-73.862,12.337,?,?
bpfo_1.0mm,3655.454,normal,6.767,-66.239,-73.007,10.179,?,?
bpfo_1.0mm,3664.931,falha,6.661,-59.951,-66.612,12.597,eixo,eixo×73
bpfo_1.0mm,3666.362,falha,16.074,-60.875,-76.948,11.229,?,?
bpfo_1.0mm,3667.874,falha,38.131,-44.336,-82.468,28.752,BPFO,BPFO×20
bpfo_1.0mm,3685.271,falha,17.078,-58.746,-75.824,15.485,?,?
bpfo_1.0mm,3686.752,falha,15.962,-60.764,-76.726,12.888,?,?
bpfo_1.0mm,3690.788,falha,21.680,-55.559,-77.239,18.291,?,?
bpfo_1.0mm,3693.868,falha,7.132,-64.255,-71.387,10.059,?,?
bpfo_1.0mm,3702.148,normal,-7.657,-74.456,-66.799,15.187,?,?
bpfo_1.0mm,3707.158,falha,11.249,-61.652,-72.901,11.351,?,?
bpfo_1.0mm,3714.731,normal,6.362,-64.343,-70.705,11.931,?,?
bpfo_1.0mm,3718.078,falha,32.892,-45.771,-78.663,26.944,BPFO±eixo,BPFO×20+1·eixo
bpfo_1.0mm,3719.524,falha,18.370,-60.628,-78.998,11.681,?,?
bpfo_1.0mm,3735.492,falha,15.631,-57.879,-73.510,14.793,?,?
bpfo_1.0mm,3740.711,normal,7.805,-64.978,-72.783,10.441,?,?
bpfo_1.0mm,3744.031,falha,11.824,-59.706,-71.530,13.152,?,?
bpfo_1.0mm,3750.868,falha,32.321,-45.594,-77.915,27.398,BPFO±eixo,BPFO×21-2·eixo
bpfo_1.0mm,3762.210,normal,-8.381,-74.380,-65.999,17.372,?,?
bpfo_1.0mm,3768.274,falha,33.475,-44.412,-77.888,30.301,BPFO±eixo,BPFO×20+2·eixo
bpfo_1.0mm,3769.782,falha,15.913,-64.357,-80.271,10.356,?,?
bpfo_1.0mm,3790.876,normal,6.183,-65.696,-71.880,10.746,?,?
bpfo_1.0mm,3792.965,normal,8.164,-64.028,-72.192,10.406,?,?
bpfo_1.0mm,3799.541,falha,13.429,-64.124,-77.553,10.357,?,?
bpfo_1.0mm,3801.085,falha,24.555,-49.782,-74.337,24.580,BPFO±eixo,BPFO×21-1·eixo
bpfo_1.0mm,3812.462,falha,12.817,-62.935,-75.752,11.232,?,?
bpfo_1.0mm,3815.127,normal,-7.666,-72.354,-64.688,19.171,?,?
bpfo_1.0mm,3818.491,falha,22.551,-61.790,-84.341,12.245,?,?
bpfo_1.0mm,3819.906,falha,22.005,-61.310,-83.315,12.346,?,?
bpfo_1.0mm,3833.341,normal,-6.067,-67.120,-61.053,22.209,motor,motor×158
bpfo_1.0mm,3840.301,falha,20.073,-62.570,-82.643,10.972,?,?
bpfo_1.0mm,3851.274,falha,30.007,-42.239,-72.246,32.056,BPFO,BPFO×21
bpfo_1.0mm,3868.679,falha,22.398,-60.546,-82.945,13.337,?,?
bpfo_1.0mm,3873.282,falha,12.918,-59.189,-72.107,13.561,?,?
bpfo_1.0mm,3884.071,falha,10.293,-61.138,-71.431,11.777,?,?
bpfo_1.0mm,3901.480,falha,23.632,-47.674,-71.306,24.890,BPFO±eixo,BPFO×21+1·eixo
bpfo_1.0mm,3912.457,falha,7.713,-59.007,-66.721,13.878,?,?
bpfo_1.0mm,3915.951,falha,11.952,-56.106,-68.058,17.248,eixo,eixo×78
bpfo_1.0mm,3932.738,falha,11.831,-59.214,-71.045,13.290,?,?
bpfo_1.0mm,3934.277,falha,17.248,-48.755,-66.002,23.750,BPFO±eixo,BPFO×22-2·eixo
bpfo_1.0mm,3940.196,falha,10.517,-61.595,-72.112,11.122,?,?
bpfo_1.0mm,3951.681,falha,28.722,-48.065,-76.787,23.717,BPFO±eixo,BPFO×21+2·eixo
bpfo_1.0mm,3953.083,falha,18.626,-56.528,-75.153,15.365,?,?
bpfo_1.0mm,3962.687,falha,7.936,-60.490,-68.426,10.322,?,?
bpfo_1.0mm,3972.425,normal,-7.305,-70.589,-63.284,16.147,?,?
bpfo_1.0mm,3973.570,falha,16.573,-56.800,-73.373,14.013,?,?
bpfo_1.0mm,3984.473,falha,19.271,-48.634,-67.905,21.953,BPFO±eixo,BPFO×22-1·eixo
bpfo_1.0mm,3999.048,falha,10.624,-58.915,-69.539,11.763,?,?
bpfo_1.0mm,4001.880,falha,24.563,-50.754,-75.317,19.325,?,?
bpfo_1.0mm,4012.882,falha,12.073,-57.974,-70.048,10.969,?,?
bpfo_1.0mm,4016.357,falha,16.738,-57.116,-73.855,11.827,eixo,eixo×80
bpfo_1.0mm,4019.470,normal,8.009,-60.065,-68.074,11.483,?,?
bpfo_1.0mm,4034.679,falha,26.630,-40.885,-67.515,27.455,BPFO,BPFO×22
bpfo_1.0mm,4041.888,normal,9.836,-53.324,-63.160,16.615,?,?
bpfo_1.0mm,4042.327,falha,12.530,-50.975,-63.505,16.984,?,?
bpfo_1.0mm,4049.549,falha,24.123,-57.229,-81.352,10.866,?,?
bpfo_1.0mm,4052.719,falha,19.131,-54.850,-73.981,13.228,?,?
bpfo_1.0mm,4059.636,falha,12.086,-55.812,-67.898,10.767,?,?
bpfo_1.0mm,4066.566,falha,10.490,-43.380,-53.870,24.181,eixo,eixo×81
bpfo_1.0mm,4079.970,normal,7.555,-50.107,-57.662,19.764,?,?
bpfo_1.0mm,4080.415,falha,10.682,-47.551,-58.233,19.986,?,?
bpfo_1.0mm,4084.874,falha,20.332,-53.103,-73.434,14.458,BPFO±eixo,BPFO×22+1·eixo
bpfo_1.0mm,4090.804,falha,11.614,-47.759,-59.374,20.024,?,?
bpfo_1.0mm,4092.087,normal,6.121,-46.458,-52.579,24.448,?,?
bpfo_1.0mm,4092.533,falha,9.361,-43.376,-52.737,24.277,?,?
bpfo_1.0mm,4095.888,falha,6.783,-57.159,-63.942,10.383,?,?
bpfo_1.0mm,4115.042,falha,11.410,-55.274,-66.685,12.550,?,?
bpfo_1.0mm,4116.773,falha,8.661,-39.192,-47.853,28.812,eixo,eixo×82
bpfo_1.0mm,4131.901,normal,6.125,-52.794,-58.919,17.381,?,?
bpfo_1.0mm,4132.350,falha,6.569,-51.255,-57.824,16.208,?,?
bpfo_1.0mm,4135.076,falha,22.768,-52.602,-75.370,15.177,BPFO±eixo,BPFO×22+2·eixo
bpfo_1.0mm,4136.464,falha,14.868,-56.644,-71.512,11.219,?,?
bpfo_1.0mm,4141.008,falha,10.469,-44.202,-54.671,23.413,?,?
bpfo_1.0mm,4144.471,falha,6.554,-51.139,-57.693,16.288,?,?
bpfo_1.0mm,4156.619,falha,7.989,-49.693,-57.682,18.281,?,?
bpfo_1.0mm,4157.870,normal,6.192,-60.596,-66.787,11.023,?,?
bpfo_1.0mm,4168.251,normal,8.113,-50.565,-58.678,19.386,?,?
bpfo_1.0mm,4168.704,falha,11.653,-47.599,-59.252,20.122,?,?
bpfo_1.0mm,4176.885,normal,6.147,-61.350,-67.497,10.430,?,?
bpfo_1.0mm,4180.824,falha,9.014,-45.329,-54.343,22.019,?,?
bpfo_1.0mm,4185.251,falha,20.443,-55.510,-75.953,11.608,?,?
bpfo_1.0mm,4192.942,falha,17.734,-39.378,-57.112,27.759,?,?
bpfo_1.0mm,4206.336,normal,-6.665,-65.373,-58.707,20.314,?,?
bpfo_1.0mm,4217.184,falha,19.439,-34.395,-53.834,33.994,eixo,eixo×84
bpfo_1.0mm,4218.078,falha,18.839,-38.894,-57.732,29.642,BPFO,BPFO×23
bpfo_1.0mm,4229.233,falha,12.036,-51.054,-63.090,16.396,?,?
bpfo_1.0mm,4232.293,normal,6.584,-61.064,-67.648,10.924,?,?
bpfo_1.0mm,4241.418,falha,18.048,-40.017,-58.064,27.597,?,?
bpfo_1.0mm,4244.884,falha,7.915,-56.213,-64.128,11.525,?,?
bpfo_1.0mm,4253.537,falha,10.662,-45.997,-56.659,22.125,?,?
bpfo_1.0mm,4257.000,falha,6.479,-57.654,-64.133,10.502,?,?
bpfo_1.0mm,4258.667,falha,24.197,-57.704,-81.901,10.503,?,?
bpfo_1.0mm,4261.727,normal,8.834,-61.053,-69.888,10.428,?,?
bpfo_1.0mm,4265.655,falha,15.943,-48.924,-64.867,19.674,?,?
bpfo_1.0mm,4269.126,falha,10.090,-54.001,-64.090,14.473,?,?
bpfo_1.0mm,4275.574,normal,9.034,-61.071,-70.105,10.393,?,?
bpfo_1.0mm,4289.901,falha,8.612,-56.980,-65.592,11.165,?,?
bpfo_1.0mm,4296.862,normal,-6.242,-70.494,-64.252,14.245,?,?
bpfo_1.0mm,4301.086,falha,13.512,-56.451,-69.963,12.535,BPFO±eixo,BPFO×24-2·eixo
bpfo_1.0mm,4302.003,falha,14.281,-55.681,-69.963,13.304,?,?
bpfo_1.0mm,4312.816,normal,7.271,-60.855,-68.126,11.369,?,?
bpfo_1.0mm,4314.130,falha,16.450,-53.259,-69.708,16.411,?,?
bpfo_1.0mm,4315.863,falha,7.092,-56.378,-63.469,13.408,?,?
bpfo_1.0mm,4318.493,falha,21.603,-51.288,-72.891,18.523,ambiguo,motor×178;BPFO×23+2·eixo
bpfo_1.0mm,4326.248,falha,13.207,-55.534,-68.741,14.147,?,?
bpfo_1.0mm,4329.646,falha,18.330,-54.060,-72.390,15.397,?,?
bpfo_1.0mm,4351.278,falha,14.255,-54.713,-68.968,15.334,BPFO±eixo,BPFO×24-1·eixo
bpfo_1.0mm,4352.218,falha,9.025,-59.943,-68.968,10.104,?,?
bpfo_1.0mm,4362.601,falha,7.401,-42.436,-49.837,27.825,?,?
bpfo_1.0mm,4364.328,falha,11.190,-60.024,-71.213,10.347,?,?
bpfo_1.0mm,4366.065,falha,17.512,-53.596,-71.108,16.804,?,?
bpfo_1.0mm,4368.664,falha,23.985,-55.833,-79.818,14.367,?,?
bpfo_1.0mm,4390.306,falha,8.287,-59.771,-68.059,10.995,?,?
bpfo_1.0mm,4397.949,normal,-7.061,-73.190,-66.129,14.575,?,?
bpfo_1.0mm,4401.475,falha,27.151,-46.333,-73.484,25.469,BPFO,BPFO×24
bpfo_1.0mm,4402.901,normal,-6.716,-62.686,-55.970,24.065,?,?
bpfo_1.0mm,4403.672,normal,6.454,-62.647,-69.101,10.519,?,?
bpfo_1.0mm,4412.324,normal,-7.819,-62.224,-54.405,25.712,?,?
bpfo_1.0mm,4414.541,falha,11.024,-61.590,-72.615,10.092,?,?
bpfo_1.0mm,4416.266,falha,7.163,-61.784,-68.947,10.063,?,?
bpfo_1.0mm,4420.828,falha,19.021,-60.594,-79.615,11.000,?,?
bpfo_1.0mm,4436.556,normal,-7.088,-72.782,-65.695,15.344,?,?
bpfo_1.0mm,4443.966,falha,17.685,-61.693,-79.378,10.784,?,?
bpfo_1.0mm,4451.631,falha,23.643,-60.212,-83.855,13.147,BPFO±eixo,BPFO×24+1·eixo
bpfo_1.0mm,4468.202,falha,13.894,-60.864,-74.758,12.708,eixo,eixo×89
bpfo_1.0mm,4478.893,normal,-8.842,-71.887,-63.045,17.426,?,?
bpfo_1.0mm,4484.502,falha,10.806,-62.172,-72.978,12.330,BPFO±eixo,BPFO×25-2·eixo
bpfo_1.0mm,4486.756,normal,-6.342,-75.215,-68.873,10.596,?,?
bpfo_1.0mm,4492.438,falha,15.773,-61.726,-77.499,12.477,?,?
bpfo_1.0mm,4501.889,falha,13.325,-56.285,-69.610,18.502,BPFO±eixo,BPFO×24+2·eixo
bpfo_1.0mm,4503.268,falha,15.102,-60.686,-75.788,14.264,?,?
bpfo_1.0mm,4523.753,falha,22.411,-60.740,-83.150,12.894,?,?
bpfo_1.0mm,4534.686,falha,27.277,-53.438,-80.714,21.555,BPFO±eixo,BPFO×25-1·eixo
bpfo_1.0mm,4542.604,falha,7.204,-63.078,-70.282,11.811,?,?
bpfo_1.0mm,4544.365,falha,6.793,-63.858,-70.651,11.117,?,?
bpfo_1.0mm,4545.450,normal,-8.971,-77.955,-68.985,11.765,?,?
bpfo_1.0mm,4552.089,falha,18.165,-55.791,-73.956,18.864,?,?
bpfo_1.0mm,4579.770,normal,-14.568,-77.462,-62.894,18.901,?,?
bpfo_1.0mm,4583.101,normal,-9.123,-69.293,-60.171,21.785,?,?
bpfo_1.0mm,4584.881,falha,39.323,-45.009,-84.331,30.499,ambiguo,motor×189;BPFO×25
bpfo_1.0mm,4588.245,falha,17.340,-61.329,-78.669,14.278,?,?
bpfo_1.0mm,4594.576,falha,7.242,-64.298,-71.540,10.550,?,?
bpfo_1.0mm,4603.364,falha,12.558,-62.600,-75.158,13.087,?,?
bpfo_1.0mm,4613.147,normal,-10.435,-74.580,-64.145,17.316,?,?
bpfo_1.0mm,4620.122,normal,-8.914,-77.395,-68.481,13.417,?,?
bpfo_1.0mm,4628.801,falha,12.988,-63.737,-76.725,13.658,?,?
bpfo_1.0mm,4635.081,falha,28.558,-54.922,-83.479,21.667,BPFO±eixo,BPFO×25+1·eixo
bpfo_1.0mm,4640.229,normal,-10.029,-78.283,-68.254,14.660,?,?
bpfo_1.0mm,4660.491,normal,-9.387,-74.840,-65.453,17.627,?,?
bpfo_1.0mm,4667.881,falha,13.470,-58.193,-71.663,18.800,BPFO±eixo,BPFO×26-2·eixo
bpfo_1.0mm,4669.024,falha,6.876,-62.150,-69.027,14.860,eixo,eixo×93
bpfo_1.0mm,4673.145,normal,-12.870,-76.882,-64.011,18.615,?,?
bpfo_1.0mm,4680.176,normal,-10.395,-78.016,-67.621,15.223,?,?
bpfo_1.0mm,4685.296,falha,22.426,-60.419,-82.845,16.513,BPFO±eixo,BPFO×25+2·eixo
bpfo_1.0mm,4686.581,falha,20.129,-64.577,-84.706,12.347,?,?
bpfo_1.0mm,4688.649,falha,21.152,-60.667,-81.819,16.548,?,?
bpfo_1.0mm,4703.179,normal,-8.282,-71.785,-63.504,19.496,?,?
bpfo_1.0mm,4707.168,falha,17.313,-65.497,-82.810,11.498,?,?
bpfo_1.0mm,4710.744,normal,-7.265,-77.829,-70.564,12.171,?,?
bpfo_1.0mm,4718.086,falha,13.615,-58.218,-71.833,19.520,BPFO±eixo,BPFO×26-1·eixo
bpfo_1.0mm,4718.706,normal,7.504,-61.821,-69.325,14.095,?,?
bpfo_1.0mm,4721.013,normal,-11.975,-78.552,-66.577,16.370,?,?
bpfo_1.0mm,4731.348,normal,-6.108,-77.132,-71.024,10.923,?,?
bpfo_1.0mm,4735.502,falha,21.776,-63.579,-85.355,13.944,?,?
bpfo_1.0mm,4741.181,normal,-13.099,-77.472,-64.374,17.171,?,?
bpfo_1.0mm,4752.887,normal,-10.238,-78.460,-68.222,13.323,?,?
bpfo_1.0mm,4761.300,normal,-18.914,-80.288,-61.374,20.891,?,?
bpfo_1.0mm,4768.292,falha,25.138,-54.202,-79.340,24.309,BPFO,BPFO×26
bpfo_1.0mm,4785.856,falha,18.343,-59.618,-77.961,18.070,?,?
bpfo_1.0mm,4793.289,normal,-9.294,-78.438,-69.144,12.204,?,?
bpfo_1.0mm,4806.151,falha,17.734,-64.218,-81.952,14.117,?,?
bpfo_1.0mm,4818.477,falha,15.617,-64.816,-80.432,13.637,BPFO±eixo,BPFO×26+1·eixo
bpfo_1.0mm,4820.928,normal,-11.338,-77.947,-66.609,17.760,?,?
bpfo_1.0mm,4821.852,normal,-14.489,-78.631,-64.142,20.261,?,?
bpfo_1.0mm,4838.269,falha,17.026,-64.361,-81.387,14.049,?,?
bpfo_1.0mm,4841.618,normal,-8.655,-76.750,-68.095,15.416,?,?
bpfo_1.0mm,4842.900,normal,-17.309,-77.391,-60.082,22.332,?,?
bpfo_1.0mm,4851.293,falha,16.834,-61.025,-77.859,17.994,BPFO±eixo,BPFO×27-2·eixo
bpfo_1.0mm,4853.194,normal,-6.461,-79.023,-72.562,11.134,?,?
bpfo_1.0mm,4861.745,normal,-9.548,-78.998,-69.450,13.745,?,?
bpfo_1.0mm,4868.353,falha,23.232,-59.963,-83.195,18.993,?,?
bpfo_1.0mm,4872.947,normal,-13.754,-78.586,-64.831,19.289,?,?
bpfo_1.0mm,4893.186,normal,-8.157,-79.876,-71.719,13.710,?,?
bpfo_1.0mm,4901.478,falha,8.126,-68.064,-76.191,10.845,BPFO±eixo,BPFO×27-1·eixo
bpfo_1.0mm,4902.875,normal,-6.615,-75.132,-68.517,17.512,?,?
bpfo_1.0mm,4922.704,normal,-9.662,-77.364,-67.701,17.079,?,?
bpfo_1.0mm,4942.864,normal,-6.611,-71.325,-64.713,20.739,?,?
bpfo_1.0mm,4951.691,falha,24.462,-56.304,-80.766,21.780,BPFO,BPFO×27
bpfo_1.0mm,4957.978,falha,22.334,-61.788,-84.122,15.664,?,?
bpfo_1.0mm,4963.040,normal,-16.225,-78.629,-62.404,21.522,?,?
bpfo_1.0mm,4966.247,normal,-6.607,-72.032,-65.425,18.855,?,?
bpfo_1.0mm,4968.384,falha,18.618,-63.333,-81.951,14.658,?,?
bpfo_1.0mm,4973.133,normal,-10.439,-77.095,-66.657,15.935,motor,motor×205
bpfo_1.0mm,4988.649,falha,13.205,-62.978,-76.183,14.670,?,?
bpfo_1.0mm,4990.475,normal,-7.216,-76.760,-69.543,13.901,?,?
bpfo_1.0mm,5001.889,falha,16.689,-64.668,-81.357,12.804,BPFO±eixo,BPFO×27+1·eixo
bpfo_1.0mm,5003.963,normal,-7.850,-78.173,-70.324,14.501,?,?
bpfo_1.0mm,5014.709,normal,-10.070,-78.621,-68.552,14.519,?,?
bpfo_1.0mm,5023.647,normal,-10.939,-76.222,-65.283,17.788,?,?
bpfo_1.0mm,5037.101,falha,18.723,-64.800,-83.522,10.536,?,?
bpfo_1.0mm,5042.944,falha,8.227,-64.518,-72.745,10.692,?,?
bpfo_1.0mm,5051.910,falha,20.882,-64.082,-84.964,12.003,BPFO±eixo,BPFO×27+2·eixo
bpfo_1.0mm,5063.412,normal,-10.398,-75.454,-65.057,18.376,?,?
bpfo_1.0mm,5067.198,falha,15.734,-66.084,-81.817,10.466,?,?
bpfo_1.0mm,5069.763,falha,6.793,-64.943,-71.737,11.674,?,?
bpfo_1.0mm,5070.682,falha,14.349,-62.712,-77.061,13.997,ambiguo,eixo×101;motor×209
bpfo_1.0mm,5083.683,falha,8.472,-63.997,-72.469,12.633,?,?
bpfo_1.0mm,5084.212,normal,6.784,-64.318,-71.102,12.615,?,?
bpfo_1.0mm,5112.211,falha,9.677,-64.690,-74.368,11.116,?,?
bpfo_1.0mm,5120.892,falha,10.933,-58.835,-69.768,16.812,eixo,eixo×102
bpfo_1.0mm,5124.523,normal,-13.444,-75.805,-62.361,18.804,?,?
bpfo_1.0mm,5137.536,falha,9.480,-63.820,-73.300,11.242,?,?
bpfo_1.0mm,5143.209,normal,-7.438,-72.502,-65.064,16.193,motor,motor×212
bpfo_1.0mm,5146.821,falha,11.016,-63.578,-74.594,11.337,?,?
bpfo_1.0mm,5150.880,falha,22.030,-60.519,-82.549,15.104,?,?
bpfo_1.0mm,5164.905,normal,-7.521,-75.423,-67.901,12.376,?,?
bpfo_1.0mm,5171.112,falha,19.161,-57.919,-77.080,18.116,eixo,eixo×103
bpfo_1.0mm,5187.817,normal,6.372,-66.380,-72.752,10.380,?,?
bpfo_1.0mm,5195.301,falha,8.722,-60.609,-69.331,14.109,?,?
bpfo_1.0mm,5197.039,falha,8.939,-62.613,-71.552,12.400,?,?
bpfo_1.0mm,5205.231,normal,-8.996,-73.613,-64.616,17.270,?,?
bpfo_1.0mm,5212.634,falha,8.609,-62.980,-71.589,12.263,?,?
bpfo_1.0mm,5218.099,falha,23.406,-54.659,-78.065,20.578,BPFO±eixo,BPFO×29-2·eixo
bpfo_1.0mm,5220.688,normal,-7.437,-71.024,-63.588,15.874,?,?
bpfo_1.0mm,5227.314,falha,6.479,-64.298,-70.777,10.537,?,?
bpfo_1.0mm,5235.144,falha,12.007,-61.019,-73.026,13.975,?,?
bpfo_1.0mm,5247.245,falha,8.563,-61.285,-69.848,14.365,?,?
bpfo_1.0mm,5252.304,falha,11.699,-63.173,-74.872,12.994,?,?
bpfo_1.0mm,5263.220,normal,-7.930,-70.367,-62.437,19.556,?,?
bpfo_1.0mm,5265.700,normal,-8.434,-76.116,-67.682,14.513,?,?
bpfo_1.0mm,5268.297,falha,25.345,-59.336,-84.680,16.396,BPFO±eixo,BPFO×29-1·eixo
bpfo_1.0mm,5297.457,falha,14.812,-63.750,-78.562,11.904,?,?
bpfo_1.0mm,5315.882,normal,-6.547,-76.639,-70.093,12.220,?,?
bpfo_1.0mm,5318.498,falha,33.194,-52.037,-85.230,24.709,BPFO,BPFO×29
bpfo_1.0mm,5321.681,falha,13.517,-59.040,-72.557,17.722,eixo,eixo×106
bpfo_1.0mm,5326.270,normal,-11.322,-77.071,-65.749,16.564,?,?
bpfo_1.0mm,5344.184,falha,10.407,-65.635,-76.043,10.021,?,?
bpfo_1.0mm,5345.941,falha,17.383,-62.139,-79.522,13.488,?,?
bpfo_1.0mm,5366.583,normal,-8.884,-76.258,-67.374,14.717,?,?
bpfo_1.0mm,5371.300,normal,-6.476,-65.549,-59.073,23.017,?,?
bpfo_1.0mm,5378.814,falha,13.967,-62.085,-76.051,15.164,?,?
bpfo_1.0mm,5383.266,normal,-15.977,-73.985,-58.008,24.635,?,?
bpfo_1.0mm,5395.530,normal,-7.085,-71.490,-64.405,17.801,?,?
bpfo_1.0mm,5396.224,falha,20.730,-58.499,-79.230,18.355,?,?
bpfo_1.0mm,5403.045,falha,12.510,-54.763,-67.273,22.664,?,?
bpfo_1.0mm,5413.369,normal,-11.902,-78.112,-66.210,17.504,?,?
bpfo_1.0mm,5418.890,falha,31.597,-54.448,-86.046,24.085,BPFO±eixo,BPFO×29+2·eixo
bpfo_1.0mm,5422.085,falha,11.595,-63.321,-74.916,15.304,eixo,eixo×108
bpfo_1.0mm,5427.285,falha,7.138,-60.796,-67.934,17.077,?,?
bpfo_1.0mm,5435.866,falha,6.135,-67.056,-73.191,10.948,?,?
bpfo_1.0mm,5439.394,falha,8.714,-65.656,-74.370,12.182,?,?
bpfo_1.0mm,5447.459,normal,-13.116,-80.872,-67.756,14.380,?,?
bpfo_1.0mm,5450.721,falha,19.853,-62.139,-81.991,15.924,?,?
bpfo_1.0mm,5453.251,falha,11.448,-63.224,-74.672,15.372,?,?
bpfo_1.0mm,5457.827,normal,-8.416,-75.143,-66.727,16.414,?,?
bpfo_1.0mm,5471.699,normal,-13.310,-73.162,-59.852,22.979,?,?
bpfo_1.0mm,5473.312,normal,-7.459,-74.904,-67.445,15.386,?,?
bpfo_1.0mm,5483.191,normal,-7.321,-76.345,-69.024,13.514,motor,motor×226
bpfo_1.0mm,5483.754,normal,-7.501,-73.799,-66.298,15.832,?,?
bpfo_1.0mm,5487.648,normal,-12.187,-73.844,-61.657,20.184,?,?
bpfo_1.0mm,5496.638,falha,26.652,-54.221,-80.873,22.626,?,?
bpfo_1.0mm,5501.908,falha,21.004,-62.656,-83.660,14.677,BPFO,BPFO×30
bpfo_1.0mm,5507.983,normal,-6.484,-76.847,-70.363,12.397,?,?
bpfo_1.0mm,5513.695,normal,-8.451,-76.499,-68.047,15.970,?,?
bpfo_1.0mm,5521.895,normal,-8.450,-76.920,-68.470,14.285,?,?
bpfo_1.0mm,5524.226,falha,10.805,-67.186,-77.990,10.531,?,?
bpfo_1.0mm,5527.694,falha,7.208,-64.957,-72.165,12.766,?,?
bpfo_1.0mm,5533.313,normal,-14.929,-77.624,-62.695,20.613,?,?
bpfo_1.0mm,5539.812,falha,12.638,-67.329,-79.967,10.531,?,?
bpfo_1.0mm,5545.860,falha,18.354,-58.808,-77.162,18.909,?,?
bpfo_1.0mm,5546.834,falha,16.648,-61.572,-78.220,16.232,?,?
bpfo_1.0mm,5548.177,normal,-12.615,-75.909,-63.294,22.017,?,?
bpfo_1.0mm,5551.139,falha,19.557,-65.888,-85.445,12.371,?,?
bpfo_1.0mm,5553.661,falha,8.225,-67.912,-76.137,10.338,?,?
bpfo_1.0mm,5556.478,falha,15.109,-68.116,-83.224,10.347,?,?
bpfo_1.0mm,5558.188,normal,-8.764,-80.049,-71.285,13.085,?,?
bpfo_1.0mm,5563.427,normal,-9.634,-72.828,-63.194,21.214,?,?
bpfo_1.0mm,5572.710,falha,9.460,-62.863,-72.323,15.067,eixo,eixo×111
bpfo_1.0mm,5575.776,falha,19.117,-59.497,-78.614,17.421,?,?
bpfo_1.0mm,5584.877,falha,20.509,-64.292,-84.800,12.953,BPFO±eixo,BPFO×31-2·eixo
bpfo_1.0mm,5586.413,falha,22.645,-61.102,-83.746,16.671,?,?
bpfo_1.0mm,5596.962,falha,16.357,-66.871,-83.228,11.043,?,?
bpfo_1.0mm,5599.605,falha,15.226,-67.924,-83.150,10.414,?,?
bpfo_1.0mm,5602.318,falha,15.618,-65.303,-80.921,13.177,BPFO±eixo,BPFO×30+2·eixo
bpfo_1.0mm,5617.305,falha,21.961,-59.082,-81.043,19.010,?,?
bpfo_1.0mm,5620.559,normal,-12.820,-76.946,-64.126,21.944,?,?
bpfo_1.0mm,5635.627,falha,19.200,-64.140,-83.340,13.438,?,?
bpfo_1.0mm,5646.262,falha,12.465,-63.102,-75.567,15.112,?,?
bpfo_1.0mm,5648.216,falha,11.003,-66.629,-77.632,11.910,?,?
bpfo_1.0mm,5653.475,normal,-12.329,-76.935,-64.605,21.972,?,?
bpfo_1.0mm,5656.912,normal,-6.889,-79.311,-72.422,13.755,?,?
bpfo_1.0mm,5663.574,normal,-7.675,-78.912,-71.238,15.348,?,?
bpfo_1.0mm,5665.560,falha,33.747,-54.030,-87.777,23.796,?,?
bpfo_1.0mm,5676.191,falha,33.153,-52.364,-85.517,25.261,?,?
bpfo_1.0mm,5678.148,falha,17.217,-62.289,-79.507,15.661,?,?
bpfo_1.0mm,5685.311,falha,29.324,-56.014,-85.339,22.117,BPFO,BPFO×31
bpfo_1.0mm,5688.960,normal,-6.526,-71.879,-65.352,19.505,?,?
bpfo_1.0mm,5689.419,normal,-14.525,-78.836,-64.311,20.546,?,?
bpfo_1.0mm,5693.384,normal,-6.271,-76.209,-69.938,15.164,?,?
bpfo_1.0mm,5695.488,falha,14.048,-66.991,-81.039,11.011,?,?
bpfo_1.0mm,5696.491,falha,13.941,-66.370,-80.311,11.632,?,?
bpfo_1.0mm,5698.420,falha,18.710,-61.162,-79.872,17.107,?,?
bpfo_1.0mm,5703.664,normal,-7.157,-78.928,-71.771,13.911,?,?
bpfo_1.0mm,5706.107,falha,13.197,-63.811,-77.008,14.037,?,?
bpfo_1.0mm,5715.765,falha,6.444,-66.691,-73.135,11.451,?,?
bpfo_1.0mm,5718.699,falha,20.555,-51.819,-72.374,26.323,?,?
bpfo_1.0mm,5719.254,normal,13.849,-58.308,-72.157,13.732,?,?
bpfo_1.0mm,5721.588,falha,17.575,-62.182,-79.757,16.233,?,?
bpfo_1.0mm,5726.396,falha,22.137,-63.752,-85.889,14.678,?,?
bpfo_1.0mm,5728.355,falha,19.786,-66.826,-86.612,11.316,?,?
bpfo_1.0mm,5729.639,normal,-9.578,-76.844,-67.266,16.154,?,?
bpfo_1.0mm,5736.045,falha,7.776,-64.016,-71.792,13.670,?,?
bpfo_1.0mm,5741.731,normal,-7.382,-73.761,-66.379,17.394,?,?
bpfo_1.0mm,5748.627,falha,15.344,-62.061,-77.405,13.628,?,?
bpfo_1.0mm,5749.603,falha,13.558,-64.220,-77.778,11.721,motor,motor×237
bpfo_1.0mm,5760.187,falha,10.995,-65.039,-76.034,11.011,?,?
bpfo_1.0mm,5765.966,falha,12.328,-54.189,-66.517,23.741,?,?
bpfo_1.0mm,5766.581,falha,11.401,-62.381,-73.781,15.662,?,?
bpfo_1.0mm,5768.322,falha,24.223,-63.220,-87.442,15.185,BPFO±eixo,BPFO×32-2·eixo
bpfo_1.0mm,5768.908,falha,9.905,-60.568,-70.473,17.904,?,?
bpfo_1.0mm,5770.070,falha,12.537,-65.714,-78.252,12.776,?,?
bpfo_1.0mm,5772.890,normal,-11.421,-80.436,-69.016,17.756,?,?
bpfo_1.0mm,5779.540,falha,8.496,-65.224,-73.720,12.690,?,?
bpfo_1.0mm,5780.453,falha,9.597,-66.630,-76.226,11.413,?,?
bpfo_1.0mm,5790.196,normal,-6.399,-72.509,-66.111,19.868,?,?
bpfo_1.0mm,5792.559,falha,13.226,-65.399,-78.626,12.373,?,?
bpfo_1.0mm,5795.900,falha,22.587,-59.680,-82.267,17.594,?,?
bpfo_1.0mm,5823.724,falha,11.136,-66.664,-77.800,10.971,eixo,eixo×116
bpfo_1.0mm,5825.823,falha,26.999,-61.226,-88.224,16.359,?,?
bpfo_1.0mm,5830.694,falha,8.726,-62.446,-71.172,14.810,?,?
bpfo_1.0mm,5851.008,falha,12.881,-60.026,-72.907,16.950,?,?
bpfo_1.0mm,5860.651,falha,25.197,-56.190,-81.387,19.382,?,?
bpfo_1.0mm,5867.007,falha,8.837,-64.476,-73.313,11.174,?,?
bpfo_1.0mm,5868.716,falha,37.401,-50.541,-87.942,25.109,BPFO,BPFO×32
bpfo_1.0mm,5873.988,normal,8.181,-68.401,-76.582,11.143,eixo,eixo×117
bpfo_1.0mm,5880.936,falha,27.097,-57.315,-84.412,17.894,?,?
bpfo_1.0mm,5901.214,falha,28.969,-49.626,-78.595,26.101,?,?
bpfo_1.0mm,5905.305,falha,7.611,-48.852,-56.463,27.033,?,?
bpfo_1.0mm,5915.594,falha,32.230,-55.353,-87.583,20.580,?,?
bpfo_1.0mm,5923.519,normal,-7.989,-75.473,-67.484,19.616,?,?
bpfo_1.0mm,5931.128,falha,19.222,-66.066,-85.288,10.060,?,?
bpfo_1.0mm,5934.888,falha,27.418,-57.755,-85.173,18.775,?,?
bpfo_1.0mm,5945.524,falha,24.007,-60.875,-84.882,15.398,?,?
bpfo_1.0mm,5950.123,falha,22.638,-64.749,-87.387,11.377,?,?
bpfo_1.0mm,5951.432,falha,16.982,-60.217,-77.200,16.164,BPFO±eixo,BPFO×33-2·eixo
bpfo_1.0mm,5964.813,falha,24.822,-55.236,-80.058,20.642,?,?
bpfo_1.0mm,5969.105,falha,21.392,-65.754,-87.147,10.357,BPFO±eixo,BPFO×32+2·eixo
bpfo_1.0mm,5972.672,falha,18.269,-63.887,-82.156,11.572,?,?
bpfo_1.0mm,5973.702,normal,-6.299,-76.541,-70.241,15.734,?,?
bpfo_1.0mm,5982.328,falha,22.600,-59.182,-81.783,16.216,?,?
bpfo_1.0mm,5991.442,normal,7.448,-68.517,-75.965,11.312,?,?
bpfo_1.0mm,5992.069,normal,6.166,-68.807,-74.973,12.384,motor,motor×247
bpfo_1.0mm,5992.972,falha,18.991,-64.245,-83.235,11.355,?,?
bpfo_1.0mm,6001.626,falha,16.946,-63.165,-80.111,13.304,BPFO±eixo,BPFO×33-1·eixo
bpfo_1.0mm,6005.366,falha,22.982,-62.582,-85.563,14.552,?,?
bpfo_1.0mm,6010.706,falha,16.744,-66.619,-83.363,10.238,?,?
bpfo_1.0mm,6013.238,falha,17.224,-62.399,-79.623,14.390,?,?
bpfo_1.0mm,6022.880,falha,25.997,-61.243,-87.240,15.557,?,?
bpfo_1.0mm,6024.549,falha,9.072,-59.228,-68.300,17.852,eixo,eixo×120
bpfo_1.0mm,6032.533,falha,11.684,-65.100,-76.784,11.862,?,?
bpfo_1.0mm,6033.512,falha,17.558,-65.258,-82.816,11.959,?,?
bpfo_1.0mm,6035.293,falha,19.535,-64.349,-83.884,13.019,?,?
bpfo_1.0mm,6038.394,falha,21.587,-65.701,-87.288,11.688,?,?
bpfo_1.0mm,6043.166,falha,18.260,-56.690,-74.951,20.390,?,?
bpfo_1.0mm,6048.783,falha,22.234,-65.556,-87.790,11.806,?,?
bpfo_1.0mm,6063.448,falha,15.250,-60.239,-75.489,16.317,?,?
bpfo_1.0mm,6065.226,falha,16.209,-67.011,-83.220,10.084,motor,motor×250
bpfo_1.0mm,6083.718,falha,18.633,-62.310,-80.943,15.045,?,?
bpfo_1.0mm,6084.520,falha,18.694,-58.698,-77.391,18.795,?,?
bpfo_1.0mm,6087.934,normal,-14.848,-78.510,-63.662,21.795,?,?
bpfo_1.0mm,6095.143,falha,19.729,-65.270,-84.999,10.618,?,?
bpfo_1.0mm,6100.714,falha,18.772,-60.418,-79.190,16.315,?,?
bpfo_1.0mm,6112.884,falha,13.900,-67.124,-81.024,10.300,motor,motor×252
bpfo_1.0mm,6114.465,falha,20.285,-58.135,-78.420,19.493,?,?
bpfo_1.0mm,6124.954,falha,22.174,-52.057,-74.231,25.624,eixo,eixo×122
bpfo_1.0mm,6133.910,falha,23.835,-61.722,-85.557,16.261,?,?
bpfo_1.0mm,6135.151,falha,13.585,-67.706,-81.291,10.099,BPFO±eixo,BPFO×34-2·eixo
bpfo_1.0mm,6138.133,normal,-9.618,-72.548,-62.930,22.980,motor,motor×253
bpfo_1.0mm,6138.802,falha,15.981,-60.049,-76.030,17.934,?,?
bpfo_1.0mm,6144.392,falha,9.710,-65.901,-75.611,10.838,?,?
bpfo_1.0mm,6149.188,falha,22.378,-58.393,-80.771,19.413,?,?
bpfo_1.0mm,6150.251,normal,-10.266,-78.020,-67.754,17.341,?,?
bpfo_1.0mm,6154.024,falha,12.713,-61.751,-74.464,15.372,?,?
bpfo_1.0mm,6160.638,normal,-10.177,-76.143,-65.966,18.759,?,?
bpfo_1.0mm,6161.307,falha,11.588,-64.007,-75.595,13.766,?,?
bpfo_1.0mm,6163.040,falha,19.254,-63.051,-82.305,14.153,?,?
bpfo_1.0mm,6164.825,falha,20.405,-65.201,-85.606,12.271,?,?
bpfo_1.0mm,6174.367,falha,-10.777,-68.062,-57.285,10.039,?,?
bpfo_1.0mm,6175.161,falha,12.312,-56.141,-68.453,21.409,eixo,eixo×123
bpfo_1.0mm,6176.209,normal,-11.468,-78.909,-67.440,17.505,?,?
bpfo_1.0mm,6184.928,falha,13.118,-60.478,-73.597,15.279,BPFO±eixo,BPFO×34-1·eixo
bpfo_1.0mm,6186.606,normal,-9.672,-77.317,-67.645,16.243,motor,motor×255
bpfo_1.0mm,6188.329,normal,-9.111,-78.490,-69.379,14.485,?,?
bpfo_1.0mm,6189.015,falha,16.196,-65.653,-81.849,10.645,?,?
bpfo_1.0mm,6198.724,normal,-15.210,-80.468,-65.259,17.036,?,?
bpfo_1.0mm,6199.397,falha,9.810,-64.920,-74.730,11.356,?,?
bpfo_1.0mm,6200.447,normal,-14.119,-69.642,-55.524,26.771,?,?
bpfo_1.0mm,6201.124,falha,13.860,-54.454,-68.314,21.898,?,?
bpfo_1.0mm,6202.179,normal,-7.524,-72.880,-65.356,16.242,?,?
bpfo_1.0mm,6204.217,falha,24.146,-51.392,-75.538,25.787,?,?
bpfo_1.0mm,6210.836,normal,-14.542,-76.352,-61.810,21.957,motor,motor×256
bpfo_1.0mm,6211.509,falha,10.474,-60.603,-71.077,17.257,?,?
bpfo_1.0mm,6212.561,normal,-10.608,-78.905,-68.297,15.192,?,?
bpfo_1.0mm,6214.889,falha,16.804,-62.012,-78.816,15.580,?,?
bpfo_1.0mm,6224.682,normal,-16.615,-65.972,-49.357,34.046,?,?
bpfo_1.0mm,6225.363,falha,12.349,-48.175,-60.524,28.656,eixo,eixo×124
bpfo_1.0mm,6226.415,normal,-13.286,-78.025,-64.739,19.124,?,?
bpfo_1.0mm,6228.144,normal,-7.373,-80.199,-72.826,10.853,?,?
bpfo_1.0mm,6234.154,falha,17.694,-62.595,-80.288,14.236,motor,motor×257
bpfo_1.0mm,6235.533,falha,16.711,-52.773,-69.484,24.058,BPFO,BPFO×34
bpfo_1.0mm,6237.487,falha,8.993,-66.482,-75.475,10.412,?,?
bpfo_1.0mm,6238.533,normal,-6.831,-71.298,-64.467,17.886,?,?
bpfo_1.0mm,6239.212,falha,19.323,-56.493,-75.817,20.378,?,?
bpfo_1.0mm,6248.917,normal,-15.949,-72.068,-56.119,26.597,?,?
bpfo_1.0mm,6249.599,falha,11.860,-53.955,-65.814,23.985,?,?
bpfo_1.0mm,6250.648,normal,-16.980,-66.270,-49.290,33.089,?,?
bpfo_1.0mm,6251.329,falha,12.050,-49.564,-61.614,28.376,?,?
bpfo_1.0mm,6261.719,falha,11.118,-56.978,-68.097,20.104,?,?
bpfo_1.0mm,6262.767,normal,-13.356,-79.633,-66.277,15.267,?,?
bpfo_1.0mm,6265.190,falha,13.508,-64.638,-78.146,12.356,?,?
bpfo_1.0mm,6266.236,falha,13.338,-61.756,-75.093,15.432,?,?
bpfo_1.0mm,6274.882,normal,-15.764,-57.840,-42.076,40.043,?,?
bpfo_1.0mm,6275.568,falha,13.081,-39.728,-52.809,36.185,eixo,eixo×125
bpfo_1.0mm,6277.297,falha,16.334,-63.750,-80.084,12.679,?,?
bpfo_1.0mm,6285.902,falha,11.016,-63.314,-74.331,13.558,BPFO±eixo,BPFO×34+1·eixo
bpfo_1.0mm,6288.732,normal,-17.470,-77.732,-60.262,21.605,?,?
bpfo_1.0mm,6289.418,falha,9.107,-62.867,-71.974,14.092,?,?
bpfo_1.0mm,6290.458,normal,-11.434,-78.496,-67.062,14.032,?,?
bpfo_1.0mm,6299.118,normal,-18.982,-68.004,-49.022,32.169,?,?
bpfo_1.0mm,6299.805,falha,9.481,-48.741,-58.221,28.618,?,?
bpfo_1.0mm,6300.847,normal,-25.091,-76.836,-51.746,29.348,?,?
bpfo_1.0mm,6302.583,normal,-8.322,-77.000,-68.677,11.457,?,?
bpfo_1.0mm,6304.627,falha,25.221,-54.646,-79.867,22.354,?,?
bpfo_1.0mm,6311.237,normal,-9.391,-65.564,-56.173,25.017,?,?
bpfo_1.0mm,6312.971,normal,-16.355,-80.177,-63.821,17.369,?,?
bpfo_1.0mm,6313.650,falha,8.638,-65.450,-74.089,13.097,?,?
bpfo_1.0mm,6314.700,normal,-16.078,-79.356,-63.279,17.912,?,?
bpfo_1.0mm,6323.350,normal,-9.856,-78.731,-68.875,11.643,?,?
bpfo_1.0mm,6325.082,normal,-25.952,-69.315,-43.363,37.239,?,?
bpfo_1.0mm,6326.811,normal,-11.052,-75.251,-64.198,16.543,?,?
bpfo_1.0mm,6327.498,falha,10.885,-65.627,-76.512,12.233,?,?
bpfo_1.0mm,6334.553,falha,19.085,-60.624,-79.708,17.833,?,?
bpfo_1.0mm,6337.858,falha,10.511,-64.832,-75.343,12.496,?,?
bpfo_1.0mm,6338.931,normal,-23.250,-74.094,-50.844,29.972,?,?
bpfo_1.0mm,6349.317,normal,-15.761,-67.694,-51.932,27.766,?,?
bpfo_1.0mm,6351.047,normal,-20.067,-66.602,-46.535,33.174,?,?
bpfo_1.0mm,6351.738,falha,9.845,-48.158,-58.003,29.021,?,?
bpfo_1.0mm,6353.842,falha,11.513,-62.247,-73.760,14.863,?,?
bpfo_1.0mm,6361.435,normal,-11.312,-66.462,-55.150,24.421,?,?
bpfo_1.0mm,6365.588,falha,13.378,-65.201,-78.579,11.042,?,?
bpfo_1.0mm,6375.281,normal,-19.672,-58.554,-38.882,41.887,?,?
bpfo_1.0mm,6375.977,falha,9.899,-38.988,-48.887,37.221,eixo,eixo×127
bpfo_1.0mm,6377.716,falha,15.289,-63.696,-78.985,12.662,?,?
bpfo_1.0mm,6383.777,falha,8.223,-66.350,-74.573,11.209,?,?
bpfo_1.0mm,6386.364,falha,11.210,-62.881,-74.091,14.227,?,?
bpfo_1.0mm,6387.395,normal,-7.450,-69.853,-62.403,19.160,?,?
bpfo_1.0mm,6388.005,falha,6.438,-65.165,-71.603,11.911,?,?
bpfo_1.0mm,6389.828,falha,7.990,-65.816,-73.806,11.292,?,?
bpfo_1.0mm,6390.777,normal,-12.091,-73.747,-61.656,20.276,?,?
bpfo_1.0mm,6396.058,normal,-6.663,-78.018,-71.355,10.946,?,?
bpfo_1.0mm,6399.517,normal,-7.238,-53.864,-46.626,35.603,?,?
